State-Name,State-Abbreviation,Metro-Name,Regular-Current,Regular-Yesterday,Regular-Change,Mid-Grade-Current,Mid-Grade-Yesterday,Mid-Grade-Change,Premium-Current,Premium-Yesterday,Premium-Change,Diesel-Current,Diesel-Yesterday,Diesel-Change,Currency,Unit,Date
Alaska,AK,Anchorage,4.7495,4.7575,-0.008000000000000007,5.055,5.0829,-0.027900000000000702,5.288,5.2691,0.01890000000000036,5.5073,5.5235,-0.016200000000000436,U.S Dollar,US Gallon,2026-08-24
Alaska,AK,Fairbanks,4.7398,4.7171,0.0226999999999995,5.0203,5.0106,0.009699999999999598,5.2319,5.2408,-0.008899999999999686,5.4803,5.469,0.011299999999999422,U.S Dollar,US Gallon,2026-08-24
Alaska,AK,Juneau,4.7534,4.724,0.02939999999999987,4.879,4.773,0.10599999999999987,4.967,4.8807,0.0862999999999996,5.849,5.779,0.07000000000000028,U.S Dollar,US Gallon,2026-08-24
Alabama,AL,Anniston-Oxford,3.7222,3.7122,0.009999999999999787,4.1229,4.2162,-0.09330000000000016,4.5458,4.5835,-0.03770000000000007,5.2618,5.2522,0.009599999999999831,U.S Dollar,US Gallon,2026-08-24
Alabama,AL,Auburn,3.7416,3.7434,-0.0017999999999998018,4.1909,4.2218,-0.030899999999999928,4.6178,4.6414,-0.023600000000000065,5.3954,5.3731,0.02230000000000043,U.S Dollar,US Gallon,2026-08-24
Alabama,AL,Birmingham,3.734,3.7346,-0.0005999999999999339,4.2012,4.2124,-0.011199999999999655,4.6157,4.6286,-0.012899999999999245,5.3838,5.382,0.0018000000000002458,U.S Dollar,US Gallon,2026-08-24
Alabama,AL,Daphne-Fairhope-Foley,3.7043,3.7079,-0.0036000000000000476,4.1777,4.1732,0.0045000000000001705,4.5843,4.6273,-0.04300000000000015,5.4125,5.404,0.00849999999999973,U.S Dollar,US Gallon,2026-08-24
Alabama,AL,Decatur,3.6914,3.7013,-0.00990000000000002,4.1226,4.1683,-0.045700000000000074,4.5335,4.5695,-0.03599999999999959,5.298,5.3001,-0.0020999999999995467,U.S Dollar,US Gallon,2026-08-24
Alabama,AL,Dothan,3.7639,3.7707,-0.006800000000000139,4.2263,4.2669,-0.040599999999999525,4.6087,4.6711,-0.06240000000000023,5.4508,5.4275,0.023299999999999876,U.S Dollar,US Gallon,2026-08-24
Alabama,AL,Florence-Muscle Shoals,3.7423,3.7545,-0.012199999999999989,4.1361,4.1531,-0.017000000000000348,4.579,4.5753,0.0036999999999993705,5.3031,5.3006,0.0024999999999995026,U.S Dollar,US Gallon,2026-08-24
Alabama,AL,Gadsden,3.7215,3.7267,-0.0052000000000003155,4.1932,4.1653,0.027899999999999814,4.6142,4.6123,0.0019000000000000128,5.2398,5.2384,0.0013999999999994017,U.S Dollar,US Gallon,2026-08-24
Alabama,AL,Huntsville,3.7273,3.7255,0.0018000000000002458,4.2068,4.2123,-0.005499999999999616,4.5369,4.5497,-0.012799999999999478,5.3356,5.3136,0.02200000000000024,U.S Dollar,US Gallon,2026-08-24
Alabama,AL,Mobile,3.708,3.7148,-0.006799999999999695,4.1648,4.1883,-0.0235000000000003,4.5799,4.5951,-0.015200000000000102,5.4601,5.4397,0.02039999999999953,U.S Dollar,US Gallon,2026-08-24
Alabama,AL,Montgomery,3.7653,3.7689,-0.0036000000000000476,4.2296,4.2437,-0.014100000000000001,4.6471,4.6711,-0.02400000000000002,5.378,5.358,0.020000000000000462,U.S Dollar,US Gallon,2026-08-24
Alabama,AL,Russell County,3.759,3.7649,-0.005900000000000016,4.2233,4.2396,-0.016300000000000203,4.7015,4.6861,0.015400000000000524,5.3119,5.3684,-0.05650000000000066,U.S Dollar,US Gallon,2026-08-24
Alabama,AL,Tuscaloosa,3.7147,3.7179,-0.0032000000000000917,4.1573,4.1644,-0.00709999999999944,4.5468,4.5688,-0.02200000000000024,5.3611,5.3527,0.008400000000000851,U.S Dollar,US Gallon,2026-08-24
Arkansas,AR,Fayetteville-Springdale-Rogers,3.9282,3.9452,-0.016999999999999904,4.2659,4.3358,-0.06989999999999963,4.5989,4.6142,-0.01529999999999987,5.2816,5.2909,-0.009299999999999642,U.S Dollar,US Gallon,2026-08-24
Arkansas,AR,Fort Smith (AR only),3.8458,3.8468,-0.0009999999999998899,4.2782,4.295,-0.016799999999999926,4.6097,4.6126,-0.0028999999999994586,5.2194,5.2269,-0.007499999999999396,U.S Dollar,US Gallon,2026-08-24
Arkansas,AR,Hot Springs,3.6307,3.6344,-0.0036999999999998145,4.1751,4.201,-0.025900000000000034,4.5471,4.5173,0.029800000000000715,5.2723,5.2258,0.046500000000000874,U.S Dollar,US Gallon,2026-08-24
Arkansas,AR,Jonesboro,3.7195,3.7377,-0.018199999999999772,4.1528,4.1914,-0.038599999999999746,4.5126,4.4679,0.04469999999999974,5.3301,5.3178,0.012299999999999756,U.S Dollar,US Gallon,2026-08-24
Arkansas,AR,Little Rock-North Little Rock,3.6801,3.6912,-0.011099999999999888,4.1664,4.1797,-0.01330000000000009,4.5386,4.5529,-0.014300000000000423,5.2971,5.2862,0.010900000000000354,U.S Dollar,US Gallon,2026-08-24
Arkansas,AR,Pine Bluff,3.7037,3.7005,0.0032000000000000917,4.2054,4.2518,-0.04640000000000022,4.6703,4.669,0.001300000000000523,5.4003,5.3697,0.03059999999999974,U.S Dollar,US Gallon,2026-08-24
Arkansas,AR,Texarkana (AR only),3.7368,3.7142,0.022600000000000176,4.2978,4.2253,0.07249999999999979,4.5419,4.5247,0.017199999999999882,5.3434,5.349,-0.005600000000000271,U.S Dollar,US Gallon,2026-08-24
Arkansas,AR,West Memphis,3.7511,3.7476,0.0035000000000002807,4.119,4.2049,-0.08590000000000053,4.5854,4.6767,-0.09130000000000038,5.3663,5.3511,0.015200000000000102,U.S Dollar,US Gallon,2026-08-24
Arizona,AZ,East Valley,4.6212,4.5498,0.07139999999999969,5.031,4.9373,0.09370000000000012,5.3301,5.2449,0.0851999999999995,5.847,5.8394,0.007600000000000051,U.S Dollar,US Gallon,2026-08-24
Arizona,AZ,Flagstaff,4.4888,4.4874,0.00140000000000029,4.7966,4.7876,0.008999999999999453,5.1379,5.132,0.00590000000000046,5.7592,5.736,0.02320000000000011,U.S Dollar,US Gallon,2026-08-24
Arizona,AZ,Glendale,4.6061,4.5472,0.05889999999999951,5.0478,4.9513,0.09649999999999981,5.3371,5.2671,0.07000000000000028,5.8618,5.8554,0.006399999999999295,U.S Dollar,US Gallon,2026-08-24
Arizona,AZ,Lake Havasu-Kingman,4.3493,4.3502,-0.0008999999999996788,4.6385,4.6823,-0.04380000000000006,4.9988,5.0126,-0.013799999999999812,5.8081,5.7866,0.02149999999999963,U.S Dollar,US Gallon,2026-08-24
Arizona,AZ,Peoria,4.6192,4.5542,0.06500000000000039,5.0273,4.9468,0.08050000000000068,5.3414,5.2822,0.059200000000000585,5.8696,5.8684,0.0011999999999998678,U.S Dollar,US Gallon,2026-08-24
Arizona,AZ,Phoenix Proper,4.6271,4.5425,0.08460000000000001,5.0655,4.9614,0.10409999999999986,5.3729,5.2637,0.10919999999999952,5.8645,5.853,0.011499999999999844,U.S Dollar,US Gallon,2026-08-24
Arizona,AZ,Phoenix-Mesa,4.598,4.532,0.06599999999999984,5.0212,4.9351,0.08610000000000007,5.3263,5.2462,0.08009999999999984,5.8479,5.8399,0.008000000000000007,U.S Dollar,US Gallon,2026-08-24
Arizona,AZ,Pima County,4.3827,4.3863,-0.0036000000000004917,4.7793,4.7763,0.0030000000000001137,5.0778,5.0813,-0.0034999999999998366,5.6208,5.6303,-0.009500000000000064,U.S Dollar,US Gallon,2026-08-24
Arizona,AZ,Prescott,4.4428,4.4368,0.006000000000000227,4.699,4.7156,-0.016600000000000392,5.0795,5.063,0.016500000000000625,5.7387,5.7281,0.010599999999999277,U.S Dollar,US Gallon,2026-08-24
Arizona,AZ,Scottsdale,4.6493,4.5887,0.06059999999999999,5.032,4.9563,0.07570000000000032,5.3445,5.2753,0.06920000000000037,5.842,5.833,0.008999999999999453,U.S Dollar,US Gallon,2026-08-24
Arizona,AZ,Sierra Vista-Douglas,4.3605,4.3597,0.0007999999999999119,4.6827,4.693,-0.010299999999999976,4.9614,4.982,-0.02059999999999995,5.6422,5.674,-0.031800000000000495,U.S Dollar,US Gallon,2026-08-24
Arizona,AZ,Tucson,4.3775,4.3807,-0.0031999999999996476,4.7711,4.7694,0.0016999999999995907,5.0732,5.0766,-0.0034000000000000696,5.6194,5.6287,-0.00930000000000053,U.S Dollar,US Gallon,2026-08-24
Arizona,AZ,West Valley,4.5962,4.5331,0.06309999999999949,5.0351,4.9426,0.09250000000000025,5.3323,5.2648,0.0674999999999999,5.856,5.8487,0.007299999999999862,U.S Dollar,US Gallon,2026-08-24
Arizona,AZ,Yuma,4.4069,4.4078,-0.0008999999999996788,4.6788,4.6795,-0.000700000000000145,5.025,5.0086,0.01639999999999997,5.8416,5.8336,0.008000000000000007,U.S Dollar,US Gallon,2026-08-24
California,CA,Bakersfield,5.6992,5.6467,0.05250000000000021,5.9334,5.8565,0.07690000000000019,6.1194,6.0605,0.05889999999999951,7.0578,7.002,0.055800000000000516,U.S Dollar,US Gallon,2026-08-24
California,CA,Chico-Paradise,5.351,5.363,-0.012000000000000455,5.5498,5.596,-0.0461999999999998,5.7652,5.7647,0.0004999999999997229,6.8513,6.7549,0.09640000000000004,U.S Dollar,US Gallon,2026-08-24
California,CA,El Centro,5.3527,5.3727,-0.020000000000000462,5.476,5.5307,-0.054700000000000415,5.725,5.7747,-0.04970000000000052,6.982,7.0322,-0.050199999999999356,U.S Dollar,US Gallon,2026-08-24
California,CA,Fresno,5.5591,5.5439,0.015200000000000102,5.7593,5.7929,-0.03360000000000074,5.9905,5.984,0.00649999999999995,7.0842,7.0515,0.03270000000000017,U.S Dollar,US Gallon,2026-08-24
California,CA,Hanford-Corcoran,5.4766,5.4863,-0.009699999999999598,5.7636,5.7947,-0.03109999999999946,5.9949,5.9587,0.03620000000000001,6.9732,6.9674,0.0058000000000006935,U.S Dollar,US Gallon,2026-08-24
California,CA,Los Angeles-Long Beach,5.6813,5.6748,0.00649999999999995,5.8916,5.8915,0.00010000000000065512,6.0742,6.0743,-9.999999999976694e-05,7.266,7.2651,0.0008999999999996788,U.S Dollar,US Gallon,2026-08-24
California,CA,Madera-Chowchilla,5.5963,5.591,0.005300000000000082,5.8529,5.8859,-0.03300000000000036,6.0903,6.1275,-0.037200000000000344,7.03,7.0272,0.00280000000000058,U.S Dollar,US Gallon,2026-08-24
California,CA,Merced,5.5374,5.4967,0.04070000000000018,5.8578,5.8145,0.04330000000000034,6.0546,6.0385,0.01609999999999978,7.1634,7.1615,0.0019000000000000128,U.S Dollar,US Gallon,2026-08-24
California,CA,Modesto,5.4248,5.4099,0.014899999999999913,5.689,5.7122,-0.02320000000000011,5.9118,5.9319,-0.02009999999999934,6.9879,6.9678,0.02009999999999934,U.S Dollar,US Gallon,2026-08-24
California,CA,Napa,5.7459,5.7582,-0.012300000000000644,5.9282,5.9552,-0.026999999999999247,6.1118,6.136,-0.024200000000000443,7.2783,7.2629,0.015399999999999636,U.S Dollar,US Gallon,2026-08-24
California,CA,Oakland,5.6113,5.6053,0.006000000000000227,5.8567,5.8456,0.011099999999999888,6.0709,6.0716,-0.000700000000000145,7.1799,7.1714,0.00849999999999973,U.S Dollar,US Gallon,2026-08-24
California,CA,Orange County,5.6392,5.6311,0.008099999999999774,5.8661,5.8503,0.01580000000000048,6.0375,6.0321,0.005399999999999849,7.1764,7.1747,0.001700000000000479,U.S Dollar,US Gallon,2026-08-24
California,CA,Redding,5.4309,5.4279,0.0030000000000001137,5.5657,5.57,-0.004300000000000637,5.7563,5.7651,-0.008799999999999919,6.9014,6.8849,0.016499999999999737,U.S Dollar,US Gallon,2026-08-24
California,CA,Riverside,5.5596,5.5556,0.0039999999999995595,5.7955,5.7931,0.0023999999999997357,5.9876,5.9755,0.012099999999999334,7.1984,7.18,0.018400000000000638,U.S Dollar,US Gallon,2026-08-24
California,CA,Sacramento,5.5351,5.5288,0.006299999999999528,5.7865,5.7652,0.021300000000000097,6.0199,6.0177,0.002200000000000202,7.0256,7.0324,-0.006800000000000139,U.S Dollar,US Gallon,2026-08-24
California,CA,Salinas,5.7075,5.7432,-0.03570000000000029,5.8918,5.8933,-0.0015000000000000568,6.1122,6.0741,0.03810000000000002,7.2168,7.1788,0.038000000000000256,U.S Dollar,US Gallon,2026-08-24
California,CA,San Bernardino,5.5841,5.5781,0.006000000000000227,5.761,5.7723,-0.01130000000000031,5.9895,5.9942,-0.004700000000000593,7.197,7.1873,0.009700000000000486,U.S Dollar,US Gallon,2026-08-24
California,CA,San Diego,5.7264,5.7243,0.0020999999999995467,5.9268,5.9367,-0.00990000000000002,6.1321,6.1252,0.006899999999999906,7.1549,7.1403,0.014599999999999724,U.S Dollar,US Gallon,2026-08-24
California,CA,San Francisco,5.7534,5.7349,0.018500000000000405,5.963,5.9631,-9.999999999976694e-05,6.1555,6.1434,0.012100000000000222,7.3877,7.3442,0.04349999999999987,U.S Dollar,US Gallon,2026-08-24
California,CA,San Jose,5.5602,5.561,-0.0007999999999999119,5.7791,5.7908,-0.011700000000000266,5.9905,5.988,0.0024999999999995026,7.2206,7.2125,0.008099999999999774,U.S Dollar,US Gallon,2026-08-24
California,CA,San Luis Obispo-Atascadero-Paso Robles,5.8625,5.8651,-0.0026000000000001577,6.0531,6.048,0.00509999999999966,6.2646,6.2361,0.028499999999999304,7.4806,7.4724,0.008199999999999541,U.S Dollar,US Gallon,2026-08-24
California,CA,San Rafael,5.7259,5.7115,0.01440000000000019,5.9404,5.949,-0.008599999999999497,6.1347,6.1443,-0.009600000000000719,7.589,7.4871,0.10190000000000055,U.S Dollar,US Gallon,2026-08-24
California,CA,Santa Barbara-Santa Maria-Lompoc,5.6636,5.6659,-0.0022999999999999687,5.8177,5.869,-0.05129999999999946,6.0235,6.0467,-0.02320000000000011,7.2141,7.2285,-0.01440000000000019,U.S Dollar,US Gallon,2026-08-24
California,CA,Santa Cruz-Watsonville,5.596,5.5938,0.002200000000000202,5.8429,5.865,-0.02210000000000001,6.0742,6.0659,0.008300000000000196,7.0608,7.1164,-0.055599999999999206,U.S Dollar,US Gallon,2026-08-24
California,CA,Santa Rosa,5.7746,5.7826,-0.008000000000000007,5.9803,5.9734,0.006899999999999906,6.1835,6.1828,0.000700000000000145,7.3111,7.3153,-0.0041999999999999815,U.S Dollar,US Gallon,2026-08-24
California,CA,Stockton-Lodi,5.4217,5.412,0.009700000000000486,5.6485,5.6889,-0.04039999999999999,5.9041,5.925,-0.02090000000000014,6.9595,6.9891,-0.029599999999999405,U.S Dollar,US Gallon,2026-08-24
California,CA,Vallejo-Fairfield,5.492,5.4768,0.015200000000000102,5.7397,5.7508,-0.011099999999999888,5.9547,5.9447,0.009999999999999787,7.0678,7.0187,0.049100000000000144,U.S Dollar,US Gallon,2026-08-24
California,CA,Ventura,5.5893,5.5873,0.0019999999999997797,5.8157,5.8051,0.010599999999999277,5.9956,5.9891,0.00649999999999995,7.2189,7.1985,0.02039999999999953,U.S Dollar,US Gallon,2026-08-24
California,CA,Visalia-Tulare-Porterville,5.5437,5.5016,0.04210000000000047,5.7407,5.7301,0.010600000000000165,6.0109,5.9624,0.048500000000000654,7.0243,7.0112,0.013100000000000556,U.S Dollar,US Gallon,2026-08-24
California,CA,Yolo,5.4965,5.5085,-0.011999999999999567,5.7061,5.6844,0.021700000000000053,5.9766,5.9924,-0.015799999999999592,7.1028,7.0304,0.07240000000000002,U.S Dollar,US Gallon,2026-08-24
California,CA,Yuba City,5.33,5.2923,0.03770000000000007,5.6371,5.5614,0.07570000000000032,5.8298,5.7908,0.0389999999999997,6.8271,6.7802,0.04689999999999994,U.S Dollar,US Gallon,2026-08-24
Colorado,CO,Boulder-Longmont,4.4865,4.4869,-0.00039999999999995595,4.9498,4.9463,0.0034999999999998366,5.3055,5.289,0.016500000000000625,5.5961,5.63,-0.03390000000000004,U.S Dollar,US Gallon,2026-08-24
Colorado,CO,Colorado Springs,4.3908,4.4155,-0.024700000000000166,4.772,4.8113,-0.03929999999999989,5.1068,5.1481,-0.04130000000000056,5.4223,5.4445,-0.022199999999999775,U.S Dollar,US Gallon,2026-08-24
Colorado,CO,Denver,4.4389,4.4594,-0.020499999999999297,4.8758,4.8961,-0.020299999999999763,5.2,5.233,-0.032999999999999474,5.4711,5.497,-0.025900000000000034,U.S Dollar,US Gallon,2026-08-24
Colorado,CO,Durango,4.5203,4.5131,0.007200000000000095,4.7399,4.7308,0.00909999999999922,5.069,5.054,0.01499999999999968,5.779,5.7935,-0.014499999999999957,U.S Dollar,US Gallon,2026-08-24
Colorado,CO,Fort Collins-Loveland,4.4347,4.4593,-0.02459999999999951,4.8194,4.8394,-0.020000000000000462,5.147,5.1671,-0.02009999999999934,5.4905,5.5064,-0.015900000000000247,U.S Dollar,US Gallon,2026-08-24
Colorado,CO,Glenwood Springs,4.919,4.919,0.0,5.419,5.4265,-0.007500000000000284,5.659,5.7015,-0.042500000000000426,5.987,5.9915,-0.0045000000000001705,U.S Dollar,US Gallon,2026-08-24
Colorado,CO,Grand Junction (CO only),4.4243,4.4279,-0.0036000000000004917,4.7257,4.7233,0.0023999999999997357,5.1168,5.1043,0.01249999999999929,5.6814,5.6808,0.000600000000000378,U.S Dollar,US Gallon,2026-08-24
Colorado,CO,Greeley,4.4081,4.4215,-0.013399999999999856,4.7592,4.7828,-0.023600000000000065,5.0824,5.0939,-0.011499999999999844,5.3841,5.4117,-0.027599999999999625,U.S Dollar,US Gallon,2026-08-24
Colorado,CO,Pueblo,4.4372,4.4365,0.000700000000000145,4.7717,4.8156,-0.04389999999999983,5.1518,5.1722,-0.020400000000000418,5.4955,5.5085,-0.0129999999999999,U.S Dollar,US Gallon,2026-08-24
Colorado,CO,Vail,4.5735,4.6517,-0.07819999999999983,5.084,5.051,0.032999999999999474,5.3603,5.3154,0.044899999999999274,5.781,5.9353,-0.1543000000000001,U.S Dollar,US Gallon,2026-08-24
Connecticut,CT,Bridgeport,4.1735,4.178,-0.0045000000000001705,4.8003,4.7908,0.009500000000000064,5.2333,5.2165,0.016799999999999926,5.6589,5.6514,0.007500000000000284,U.S Dollar,US Gallon,2026-08-24
Connecticut,CT,Hartford,4.1282,4.1197,0.00849999999999973,4.7249,4.7313,-0.006400000000000183,5.1619,5.1624,-0.0004999999999997229,5.6524,5.6476,0.0048000000000003595,U.S Dollar,US Gallon,2026-08-24
Connecticut,CT,Lower Fairfield County,4.139,4.1357,0.0033000000000003027,4.7011,4.732,-0.030899999999999928,5.156,5.1639,-0.00790000000000024,5.6614,5.6401,0.021300000000000097,U.S Dollar,US Gallon,2026-08-24
Connecticut,CT,New Haven-Meriden,4.0827,4.0774,0.005300000000000082,4.67,4.6753,-0.005300000000000082,5.0464,5.0394,0.007000000000000561,5.6224,5.6219,0.0004999999999997229,U.S Dollar,US Gallon,2026-08-24
Connecticut,CT,New London-Norwich (CT only),4.1258,4.1262,-0.00039999999999995595,4.7181,4.7302,-0.012100000000000222,5.1147,5.1083,0.006400000000000183,5.7032,5.6779,0.025299999999999656,U.S Dollar,US Gallon,2026-08-24
Connecticut,CT,Windham,4.1976,4.1996,-0.0019999999999997797,4.679,4.6751,0.0039000000000006807,5.0802,5.048,0.03219999999999956,5.6768,5.6586,0.018200000000000216,U.S Dollar,US Gallon,2026-08-24
District of Columbia,DC,Washington (DC only),4.2224,4.2134,0.009000000000000341,4.8619,4.8117,0.050200000000000244,5.2426,5.2221,0.020500000000000185,5.6847,5.657,0.02770000000000028,U.S Dollar,US Gallon,2026-08-24
District of Columbia,DC,Washington (Entire Metro Average),4.0365,4.038,-0.0015000000000000568,4.59,4.5965,-0.00649999999999995,4.9454,4.9495,-0.004099999999999326,5.7486,5.7451,0.0034999999999998366,U.S Dollar,US Gallon,2026-08-24
Delaware,DE,Dover,3.9714,3.9682,0.0032000000000000917,4.4495,4.4738,-0.02430000000000021,4.8226,4.8402,-0.017599999999999838,5.733,5.717,0.016000000000000014,U.S Dollar,US Gallon,2026-08-24
Delaware,DE,Milford-Seaford,3.9801,3.9771,0.0030000000000001137,4.4215,4.4152,0.006300000000000416,4.7887,4.7888,-9.999999999976694e-05,5.7647,5.7502,0.014499999999999957,U.S Dollar,US Gallon,2026-08-24
Delaware,DE,Wilmington-Newark (DE only),3.9599,3.9628,-0.0028999999999999027,4.6815,4.6787,0.0027999999999996916,4.9386,4.9448,-0.006199999999999761,5.7228,5.725,-0.0021999999999993136,U.S Dollar,US Gallon,2026-08-24
Florida,FL,Bradenton-Sarasota-Venice,3.7969,3.8136,-0.01670000000000016,4.2714,4.3027,-0.031299999999999883,4.5906,4.6218,-0.031200000000000117,5.4824,5.4856,-0.0031999999999996476,U.S Dollar,US Gallon,2026-08-24
Florida,FL,Crestview-Fort Walton Beach,3.8218,3.8368,-0.015000000000000124,4.2469,4.2707,-0.0237999999999996,4.6838,4.6838,0.0,5.4301,5.4481,-0.017999999999999794,U.S Dollar,US Gallon,2026-08-24
Florida,FL,Daytona Beach,3.8733,3.8808,-0.00749999999999984,4.3168,4.329,-0.012199999999999989,4.6781,4.685,-0.006899999999999906,5.4925,5.5035,-0.01100000000000012,U.S Dollar,US Gallon,2026-08-24
Florida,FL,Fort Lauderdale,3.9228,3.9308,-0.008000000000000007,4.38,4.4163,-0.03629999999999978,4.6989,4.7393,-0.04039999999999999,5.498,5.5122,-0.014199999999999768,U.S Dollar,US Gallon,2026-08-24
Florida,FL,Fort Myers-Cape Coral,3.8186,3.8383,-0.01969999999999983,4.2874,4.3186,-0.031200000000000117,4.5972,4.6161,-0.01890000000000036,5.4582,5.4873,-0.02910000000000057,U.S Dollar,US Gallon,2026-08-24
Florida,FL,Gainesville,3.9054,3.9149,-0.00949999999999962,4.4118,4.4189,-0.00709999999999944,4.7896,4.799,-0.009400000000000297,5.563,5.5658,-0.00280000000000058,U.S Dollar,US Gallon,2026-08-24
Florida,FL,Homosassa Springs,3.8504,3.869,-0.018600000000000172,4.265,4.273,-0.008000000000000007,4.615,4.6174,-0.0023999999999997357,5.5387,5.5256,0.013100000000000556,U.S Dollar,US Gallon,2026-08-24
Florida,FL,Jacksonville,3.832,3.8441,-0.012100000000000222,4.2719,4.2839,-0.012000000000000455,4.6204,4.6522,-0.031799999999999606,5.4847,5.4946,-0.00990000000000002,U.S Dollar,US Gallon,2026-08-24
Florida,FL,Lakeland-Winter Haven,3.7861,3.8071,-0.02100000000000035,4.2067,4.2391,-0.032399999999999984,4.552,4.5851,-0.03310000000000013,5.3847,5.4094,-0.024700000000000166,U.S Dollar,US Gallon,2026-08-24
Florida,FL,Melbourne-Titusville,3.811,3.8295,-0.01849999999999996,4.2582,4.2763,-0.01809999999999956,4.6238,4.6239,-9.999999999976694e-05,5.5101,5.5275,-0.017399999999999416,U.S Dollar,US Gallon,2026-08-24
Florida,FL,Miami,3.8912,3.8969,-0.005700000000000038,4.3593,4.36,-0.000700000000000145,4.6014,4.6055,-0.004100000000000215,5.4889,5.4985,-0.009599999999999831,U.S Dollar,US Gallon,2026-08-24
Florida,FL,Naples,3.9178,3.9287,-0.01089999999999991,4.3769,4.3768,9.999999999976694e-05,4.6925,4.7058,-0.01330000000000009,5.5468,5.5634,-0.016599999999999504,U.S Dollar,US Gallon,2026-08-24
Florida,FL,Ocala,3.8263,3.8479,-0.021600000000000286,4.2152,4.2799,-0.06469999999999931,4.5946,4.6335,-0.038899999999999935,5.4807,5.4932,-0.012500000000000178,U.S Dollar,US Gallon,2026-08-24
Florida,FL,Orlando,3.7983,3.8187,-0.020400000000000418,4.2267,4.2519,-0.02519999999999989,4.555,4.5804,-0.02540000000000031,5.4681,5.4792,-0.011099999999999888,U.S Dollar,US Gallon,2026-08-24
Florida,FL,Panama City,3.7803,3.8002,-0.019899999999999807,4.2088,4.2472,-0.03840000000000021,4.6247,4.639,-0.014300000000000423,5.3926,5.405,-0.01240000000000041,U.S Dollar,US Gallon,2026-08-24
Florida,FL,Pensacola,3.7764,3.7866,-0.010199999999999765,4.2234,4.2332,-0.009800000000000253,4.6033,4.6205,-0.017199999999999882,5.438,5.4451,-0.007100000000000328,U.S Dollar,US Gallon,2026-08-24
Florida,FL,Port St. Lucie,3.8583,3.8707,-0.012399999999999967,4.3028,4.327,-0.024199999999999555,4.6276,4.6615,-0.03390000000000004,5.5325,5.5488,-0.016300000000000203,U.S Dollar,US Gallon,2026-08-24
Florida,FL,Punta Gorda,3.7978,3.7952,0.0026000000000001577,4.2811,4.3241,-0.04299999999999926,4.6021,4.6188,-0.01670000000000016,5.5173,5.5246,-0.00730000000000075,U.S Dollar,US Gallon,2026-08-24
Florida,FL,Sebastian-Vero Beach,3.8395,3.853,-0.013500000000000068,4.3151,4.3386,-0.02349999999999941,4.6719,4.6793,-0.007399999999999629,5.5594,5.5599,-0.0004999999999997229,U.S Dollar,US Gallon,2026-08-24
Florida,FL,Sebring,3.8435,3.8683,-0.024799999999999933,4.2611,4.3032,-0.04210000000000047,4.579,4.5884,-0.009400000000000297,5.4895,5.496,-0.0065000000000008384,U.S Dollar,US Gallon,2026-08-24
Florida,FL,Tallahassee,3.8586,3.8568,0.0018000000000002458,4.3128,4.3225,-0.009699999999999598,4.6955,4.7198,-0.02430000000000021,5.4103,5.4159,-0.005599999999999383,U.S Dollar,US Gallon,2026-08-24
Florida,FL,Tampa-St. Petersburg-Clearwater,3.8032,3.8288,-0.02560000000000029,4.2582,4.2954,-0.037199999999999456,4.5946,4.6309,-0.03629999999999978,5.4189,5.4505,-0.03160000000000007,U.S Dollar,US Gallon,2026-08-24
Florida,FL,The Villages,3.777,3.8082,-0.031199999999999672,4.1897,4.2203,-0.03059999999999974,4.5635,4.603,-0.039499999999999424,5.4211,5.4727,-0.051599999999999646,U.S Dollar,US Gallon,2026-08-24
Florida,FL,West Palm Beach-Boca Raton,4.0336,4.0367,-0.0030999999999998806,4.4397,4.5153,-0.07559999999999967,4.8578,4.8664,-0.008599999999999497,5.5584,5.586,-0.027600000000000513,U.S Dollar,US Gallon,2026-08-24
Georgia,GA,Albany,3.6928,3.7282,-0.0354000000000001,4.1728,4.1942,-0.021400000000000752,4.554,4.5866,-0.03259999999999952,5.4614,5.4605,0.000900000000000567,U.S Dollar,US Gallon,2026-08-24
Georgia,GA,Athens,3.7817,3.776,0.005700000000000038,4.199,4.2228,-0.023800000000000487,4.6277,4.6315,-0.0038000000000000256,5.478,5.4827,-0.004700000000000593,U.S Dollar,US Gallon,2026-08-24
Georgia,GA,Atlanta,3.8324,3.8349,-0.002500000000000391,4.2971,4.3254,-0.02829999999999977,4.7403,4.7607,-0.02039999999999953,5.4609,5.468,-0.007100000000000328,U.S Dollar,US Gallon,2026-08-24
Georgia,GA,Augusta-Aiken (GA only),3.6847,3.6979,-0.013200000000000323,4.1461,4.151,-0.0049000000000001265,4.5683,4.5756,-0.007299999999999862,5.5385,5.5395,-0.001000000000000334,U.S Dollar,US Gallon,2026-08-24
Georgia,GA,Brunswick,3.7944,3.7995,-0.0051000000000001044,4.1982,4.2278,-0.029600000000000293,4.5873,4.5811,0.006199999999999761,5.52,5.5242,-0.00420000000000087,U.S Dollar,US Gallon,2026-08-24
Georgia,GA,Catoosa-Dade-Walker,3.7062,3.7126,-0.006400000000000183,4.182,4.2062,-0.024199999999999555,4.597,4.577,0.020000000000000462,5.406,5.389,0.01699999999999946,U.S Dollar,US Gallon,2026-08-24
Georgia,GA,Columbus (GA only),3.7708,3.787,-0.016199999999999992,4.2476,4.2412,0.006400000000000183,4.6363,4.649,-0.012699999999999712,5.4669,5.4842,-0.017300000000000537,U.S Dollar,US Gallon,2026-08-24
Georgia,GA,Dalton,3.7132,3.7176,-0.0043999999999999595,4.1845,4.2147,-0.030199999999999783,4.5593,4.583,-0.023699999999999832,5.4343,5.4467,-0.012399999999999523,U.S Dollar,US Gallon,2026-08-24
Georgia,GA,Gainesville,3.7795,3.7875,-0.008000000000000007,4.2265,4.2686,-0.04210000000000047,4.6381,4.6723,-0.03420000000000023,5.453,5.4437,0.00930000000000053,U.S Dollar,US Gallon,2026-08-24
Georgia,GA,Hinesville-Fort Stewart,3.8608,3.8717,-0.010900000000000354,4.3617,4.3836,-0.021900000000000475,4.6452,4.559,0.08619999999999983,5.6006,5.5645,0.03610000000000024,U.S Dollar,US Gallon,2026-08-24
Georgia,GA,Macon,3.8608,3.8632,-0.0024000000000001798,4.2752,4.333,-0.057800000000000296,4.7785,4.7804,-0.0019000000000000128,5.4858,5.481,0.0048000000000003595,U.S Dollar,US Gallon,2026-08-24
Georgia,GA,Rome,3.7199,3.7316,-0.011699999999999822,4.1838,4.2405,-0.056700000000000195,4.6172,4.6498,-0.03259999999999952,5.4894,5.4762,0.013199999999999434,U.S Dollar,US Gallon,2026-08-24
Georgia,GA,Savannah,3.8632,3.8808,-0.017599999999999838,4.3392,4.3554,-0.016200000000000436,4.7179,4.7493,-0.03139999999999965,5.4489,5.4767,-0.027800000000000047,U.S Dollar,US Gallon,2026-08-24
Georgia,GA,Valdosta,3.7759,3.8013,-0.025399999999999867,4.2096,4.2419,-0.03230000000000022,4.604,4.6339,-0.029899999999999594,5.4598,5.4606,-0.0007999999999999119,U.S Dollar,US Gallon,2026-08-24
Georgia,GA,Warner Robins,3.8094,3.8118,-0.0023999999999997357,4.2407,4.2444,-0.0036999999999993705,4.6549,4.6719,-0.017000000000000348,5.4245,5.4312,-0.006699999999999484,U.S Dollar,US Gallon,2026-08-24
Hawaii,HI,Hilo,5.5114,5.5245,-0.013099999999999667,5.779,5.779,0.0,6.0465,6.034,0.012500000000000178,7.0112,7.0168,-0.005600000000000271,U.S Dollar,US Gallon,2026-08-24
Hawaii,HI,Honolulu,5.3477,5.3419,0.005799999999999805,5.6346,5.6337,0.0008999999999996788,5.8888,5.9086,-0.01980000000000004,6.7562,6.7961,-0.03990000000000027,U.S Dollar,US Gallon,2026-08-24
Hawaii,HI,Kahului,5.4412,5.4487,-0.007499999999999396,5.6517,5.5634,0.08830000000000027,5.979,5.9046,0.0743999999999998,7.2917,7.2698,0.021899999999999586,U.S Dollar,US Gallon,2026-08-24
Hawaii,HI,Lihue (Kauai),5.7937,5.8003,-0.006599999999999717,6.1307,6.1461,-0.015399999999999636,6.435,6.435,0.0,7.2523,7.304,-0.0517000000000003,U.S Dollar,US Gallon,2026-08-24
Hawaii,HI,Wailuku,5.4412,5.4487,-0.007499999999999396,5.6517,5.5634,0.08830000000000027,5.979,5.9046,0.0743999999999998,7.2917,7.2698,0.021899999999999586,U.S Dollar,US Gallon,2026-08-24
Iowa,IA,Ames,4.1005,4.1075,-0.006999999999999673,0.0,4.099,-4.099,4.8937,4.839,0.05469999999999953,5.4915,5.4833,0.00820000000000043,U.S Dollar,US Gallon,2026-08-24
Iowa,IA,Cedar Rapids,4.0296,4.0694,-0.03979999999999961,4.3536,4.3457,0.00790000000000024,4.8834,4.8818,0.0015999999999998238,5.4937,5.4901,0.0035999999999996035,U.S Dollar,US Gallon,2026-08-24
Iowa,IA,Council Bluffs,4.0532,4.0676,-0.014399999999999302,4.2598,4.283,-0.02320000000000011,4.9128,4.8965,0.016300000000000203,5.4019,5.4178,-0.01589999999999936,U.S Dollar,US Gallon,2026-08-24
Iowa,IA,Davenport-Moline-Rock Island (IA only),4.0241,4.0379,-0.013799999999999812,4.3055,4.3233,-0.017799999999999372,5.0215,5.0236,-0.002100000000000435,5.5682,5.5183,0.049900000000000055,U.S Dollar,US Gallon,2026-08-24
Iowa,IA,Des Moines,4.0692,4.1093,-0.0400999999999998,4.5055,4.4798,0.025699999999999612,4.8783,4.9074,-0.02909999999999968,5.5003,5.4907,0.009599999999999831,U.S Dollar,US Gallon,2026-08-24
Iowa,IA,Dubuque,4.1866,4.195,-0.008399999999999963,4.3376,4.1854,0.15220000000000056,5.2129,5.1979,0.015000000000000568,5.5007,5.419,0.08170000000000055,U.S Dollar,US Gallon,2026-08-24
Iowa,IA,Iowa City,4.0919,4.1063,-0.01440000000000019,4.819,4.6304,0.1886000000000001,5.0393,5.0425,-0.0032000000000005357,5.4629,5.4518,0.011099999999999888,U.S Dollar,US Gallon,2026-08-24
Iowa,IA,Sioux City (IA only),4.0039,4.0868,-0.08290000000000042,4.3152,4.304,0.011199999999999655,4.8169,4.8612,-0.044299999999999784,5.4994,5.4578,0.04159999999999986,U.S Dollar,US Gallon,2026-08-24
Iowa,IA,Waterloo-Cedar Falls,4.013,4.044,-0.030999999999999694,4.337,4.231,0.10599999999999987,4.904,4.919,-0.01499999999999968,5.5925,5.5685,0.02400000000000002,U.S Dollar,US Gallon,2026-08-24
Idaho,ID,Boise City,4.4982,4.4824,0.015799999999999592,4.7238,4.7179,0.005899999999999572,4.9657,4.9601,0.005600000000000271,5.4748,5.4797,-0.0049000000000001265,U.S Dollar,US Gallon,2026-08-24
Idaho,ID,Coeur D'Alene,4.4072,4.4072,0.0,4.6852,4.6453,0.03990000000000027,5.0143,5.0023,0.012000000000000455,5.4682,5.4533,0.014900000000000801,U.S Dollar,US Gallon,2026-08-24
Idaho,ID,Franklin,4.3512,4.3512,0.0,4.579,4.609,-0.03000000000000025,4.829,4.829,0.0,5.4757,5.4757,0.0,U.S Dollar,US Gallon,2026-08-24
Idaho,ID,Idaho Falls,4.3726,4.3898,-0.017199999999999882,4.6894,4.6864,0.0030000000000001137,4.9421,4.9615,-0.019400000000000084,5.3897,5.4174,-0.027699999999999392,U.S Dollar,US Gallon,2026-08-24
Idaho,ID,Lewiston,4.4168,4.4119,0.0049000000000001265,4.6545,4.7202,-0.06570000000000054,5.0228,5.0357,-0.012900000000000134,5.4311,5.4276,0.0034999999999998366,U.S Dollar,US Gallon,2026-08-24
Idaho,ID,Pocatello,4.4195,4.4161,0.0034000000000000696,4.7625,4.7952,-0.03270000000000017,5.0881,5.1079,-0.01980000000000004,5.4534,5.454,-0.0005999999999994898,U.S Dollar,US Gallon,2026-08-24
Idaho,ID,Twin Falls,4.4959,4.488,0.007899999999999352,4.7661,4.769,-0.0029000000000003467,5.0564,5.0479,0.00849999999999973,5.4977,5.5222,-0.024499999999999744,U.S Dollar,US Gallon,2026-08-24
Illinois,IL,Alexander County,4.699,4.699,0.0,0.0,0.0,0.0,0.0,0.0,0.0,0.0,0.0,0.0,U.S Dollar,US Gallon,2026-08-24
Illinois,IL,Bloomington-Normal,4.2823,4.2874,-0.00509999999999966,4.7966,4.8359,-0.03929999999999989,5.2597,5.3266,-0.0669000000000004,5.5803,5.5572,0.023100000000000342,U.S Dollar,US Gallon,2026-08-24
Illinois,IL,Carbondale-Marion,4.253,4.2621,-0.009100000000000108,4.7431,4.7554,-0.012299999999999756,5.1529,5.1663,-0.013399999999999856,5.615,5.6402,-0.02519999999999989,U.S Dollar,US Gallon,2026-08-24
Illinois,IL,Champaign-Urbana,4.3234,4.3325,-0.00909999999999922,4.8574,4.8645,-0.00709999999999944,5.317,5.3226,-0.005600000000000271,5.5696,5.5847,-0.015099999999999447,U.S Dollar,US Gallon,2026-08-24
Illinois,IL,Chicago Metro,4.4957,4.5024,-0.006699999999999484,5.0997,5.1128,-0.013099999999999667,5.6805,5.6987,-0.018199999999999328,5.6932,5.6925,0.000700000000000145,U.S Dollar,US Gallon,2026-08-24
Illinois,IL,City of Chicago,4.7398,4.7315,0.008300000000000196,5.4003,5.3715,0.028799999999999493,5.9555,5.9518,0.0036999999999993705,5.9228,5.9209,0.0019000000000000128,U.S Dollar,US Gallon,2026-08-24
Illinois,IL,Danville,4.2359,4.2552,-0.019300000000000317,4.676,4.678,-0.0019999999999997797,5.0944,5.1453,-0.0508999999999995,5.6053,5.5993,0.005999999999999339,U.S Dollar,US Gallon,2026-08-24
Illinois,IL,Davenport-Moline-Rock Island (IL only),4.3954,4.3975,-0.0020999999999995467,4.9475,4.9153,0.03219999999999956,5.3452,5.343,0.002200000000000202,5.5735,5.5592,0.014300000000000423,U.S Dollar,US Gallon,2026-08-24
Illinois,IL,Decatur,4.1807,4.2099,-0.029200000000000337,4.7299,4.799,-0.0691000000000006,5.2499,5.2626,-0.012699999999999712,5.5799,5.5829,-0.0030000000000001137,U.S Dollar,US Gallon,2026-08-24
Illinois,IL,East Saint Louis,4.2673,4.2742,-0.006900000000000794,4.7782,4.7683,0.00990000000000002,5.1583,5.1523,0.005999999999999339,5.5542,5.5153,0.038899999999999935,U.S Dollar,US Gallon,2026-08-24
Illinois,IL,Elgin,4.3838,4.4009,-0.017100000000000115,4.9782,4.992,-0.013799999999999812,5.5194,5.5364,-0.017000000000000348,5.6075,5.6087,-0.0011999999999998678,U.S Dollar,US Gallon,2026-08-24
Illinois,IL,Kankakee-Bradley,4.3169,4.323,-0.006099999999999994,4.8515,4.876,-0.024500000000000632,5.3743,5.3656,0.008700000000000152,5.6225,5.6427,-0.020199999999999996,U.S Dollar,US Gallon,2026-08-24
Illinois,IL,Lake County,4.3453,4.3608,-0.015500000000000291,4.9498,4.9863,-0.0365000000000002,5.525,5.5515,-0.026499999999999524,5.5003,5.498,0.0022999999999999687,U.S Dollar,US Gallon,2026-08-24
Illinois,IL,Peoria-Pekin,4.3209,4.3318,-0.010900000000000354,4.8288,4.8479,-0.019099999999999895,5.3131,5.3383,-0.02519999999999989,5.5586,5.569,-0.010399999999999743,U.S Dollar,US Gallon,2026-08-24
Illinois,IL,Quincy,4.332,4.3236,0.008399999999999963,4.629,4.723,-0.0940000000000003,4.929,4.929,0.0,5.649,5.5907,0.05830000000000002,U.S Dollar,US Gallon,2026-08-24
Illinois,IL,Rockford,4.3042,4.3022,0.0019999999999997797,4.8225,4.8634,-0.0409000000000006,5.3659,5.3729,-0.006999999999999673,5.6027,5.5782,0.024499999999999744,U.S Dollar,US Gallon,2026-08-24
Illinois,IL,Springfield,4.2648,4.2713,-0.00649999999999995,4.8853,4.8744,0.010900000000000354,5.3518,5.3999,-0.04809999999999981,5.5026,5.5009,0.001700000000000479,U.S Dollar,US Gallon,2026-08-24
Indiana,IN,Bloomington,3.6182,3.6216,-0.0034000000000000696,4.1698,4.1816,-0.011800000000000033,4.7178,4.7366,-0.018799999999999706,5.642,5.6262,0.01580000000000048,U.S Dollar,US Gallon,2026-08-24
Indiana,IN,Clarksville,3.3827,3.3893,-0.006600000000000161,3.8406,3.8658,-0.025200000000000333,4.3515,4.3543,-0.00280000000000058,5.5841,5.5752,0.008900000000000574,U.S Dollar,US Gallon,2026-08-24
Indiana,IN,Columbus,3.4956,3.5187,-0.0230999999999999,4.0561,4.0816,-0.025500000000000078,4.6378,4.6578,-0.019999999999999574,5.6186,5.599,0.019599999999999618,U.S Dollar,US Gallon,2026-08-24
Indiana,IN,Dearborn-Franklin-Ohio-Union,3.669,3.6662,0.0028000000000001357,4.159,4.1983,-0.03929999999999989,4.7497,4.7461,0.0035999999999996035,5.5746,5.5879,-0.01330000000000009,U.S Dollar,US Gallon,2026-08-24
Indiana,IN,Elkhart,3.5351,3.5519,-0.016799999999999926,4.1202,4.1215,-0.001300000000000523,4.6615,4.6516,0.00990000000000002,5.6211,5.6147,0.006400000000000183,U.S Dollar,US Gallon,2026-08-24
Indiana,IN,Evansville,3.3361,3.3419,-0.005799999999999805,3.8432,3.8757,-0.032500000000000195,4.3179,4.3032,0.014699999999999491,5.4599,5.4745,-0.014599999999999724,U.S Dollar,US Gallon,2026-08-24
Indiana,IN,Fort Wayne,3.4794,3.4922,-0.012799999999999923,4.0476,4.0601,-0.012500000000000178,4.6316,4.6351,-0.0035000000000007248,5.6526,5.6255,0.027099999999999902,U.S Dollar,US Gallon,2026-08-24
Indiana,IN,Gary,3.5446,3.5521,-0.00749999999999984,4.0729,4.0897,-0.016799999999999926,4.5755,4.585,-0.009500000000000064,5.5814,5.5799,0.0015000000000000568,U.S Dollar,US Gallon,2026-08-24
Indiana,IN,Indianapolis,3.4904,3.5099,-0.01949999999999985,4.1247,4.1586,-0.03390000000000004,4.6742,4.6928,-0.018600000000000172,5.6369,5.6272,0.009699999999999598,U.S Dollar,US Gallon,2026-08-24
Indiana,IN,Kokomo,3.4488,3.4582,-0.009400000000000297,4.0458,4.0971,-0.051300000000000345,4.5233,4.5533,-0.03000000000000025,5.6882,5.669,0.01920000000000055,U.S Dollar,US Gallon,2026-08-24
Indiana,IN,Lafayette,3.5591,3.5726,-0.013500000000000068,4.1051,4.1097,-0.0045999999999999375,4.642,4.681,-0.0389999999999997,5.682,5.6633,0.018700000000000827,U.S Dollar,US Gallon,2026-08-24
Indiana,IN,Michigan City-La Porte,3.627,3.6285,-0.0015000000000000568,4.2007,4.1874,0.01330000000000009,4.7027,4.7181,-0.015399999999999636,5.5743,5.5764,-0.0020999999999995467,U.S Dollar,US Gallon,2026-08-24
Indiana,IN,Muncie,3.4855,3.489,-0.0034999999999998366,3.9797,4.0107,-0.03100000000000014,4.511,4.5219,-0.010899999999999466,5.6686,5.6366,0.03200000000000003,U.S Dollar,US Gallon,2026-08-24
Indiana,IN,South Bend,3.5346,3.5356,-0.0009999999999998899,4.1094,4.1255,-0.01609999999999978,4.6638,4.6874,-0.023600000000000065,5.5942,5.5858,0.008399999999999963,U.S Dollar,US Gallon,2026-08-24
Indiana,IN,Terre Haute,3.4915,3.5012,-0.009700000000000042,3.9936,4.0381,-0.044500000000000206,4.4725,4.5172,-0.04469999999999974,5.626,5.5871,0.038899999999999935,U.S Dollar,US Gallon,2026-08-24
Kansas,KS,Kansas City (KS only),3.8349,3.8401,-0.005199999999999871,4.2227,4.2256,-0.0029000000000003467,4.5848,4.5897,-0.004899999999999238,5.1629,5.1764,-0.013500000000000512,U.S Dollar,US Gallon,2026-08-24
Kansas,KS,Lawrence,3.7636,3.7642,-0.000600000000000378,4.0979,4.099,-0.001100000000000101,4.5897,4.6343,-0.04459999999999997,5.239,5.2471,-0.008099999999999774,U.S Dollar,US Gallon,2026-08-24
Kansas,KS,Manhattan,3.915,3.9401,-0.025100000000000122,4.2323,4.2133,0.019000000000000128,4.6765,4.6268,0.04969999999999963,5.2784,5.2572,0.02120000000000033,U.S Dollar,US Gallon,2026-08-24
Kansas,KS,Topeka,3.9047,3.9142,-0.009500000000000064,4.2603,4.2913,-0.030999999999999694,4.6563,4.6617,-0.005399999999999849,5.2708,5.2613,0.009500000000000064,U.S Dollar,US Gallon,2026-08-24
Kansas,KS,Wichita,3.8689,3.8792,-0.010299999999999976,4.1727,4.1455,0.02719999999999967,4.4009,4.3817,0.019199999999999662,5.114,5.1235,-0.009500000000000064,U.S Dollar,US Gallon,2026-08-24
Kentucky,KY,Bowling Green,3.517,3.5296,-0.012599999999999945,4.0668,4.0551,0.011699999999999378,4.485,4.4752,0.009800000000000253,5.2155,5.1984,0.017099999999999227,U.S Dollar,US Gallon,2026-08-24
Kentucky,KY,Covington,3.9144,3.9251,-0.010699999999999932,4.4467,4.4805,-0.033800000000000274,4.9479,4.9561,-0.00820000000000043,5.2502,5.2283,0.021900000000000475,U.S Dollar,US Gallon,2026-08-24
Kentucky,KY,Elizabethtown-Fort Knox,3.5846,3.5926,-0.008000000000000007,4.1314,4.1463,-0.014899999999999913,4.5916,4.619,-0.02740000000000009,5.2281,5.2094,0.018700000000000827,U.S Dollar,US Gallon,2026-08-24
Kentucky,KY,Henderson,3.3557,3.3967,-0.040999999999999925,3.8823,3.8944,-0.012100000000000222,4.1533,4.3254,-0.17210000000000036,5.1204,5.109,0.011400000000000077,U.S Dollar,US Gallon,2026-08-24
Kentucky,KY,Hopkinsville,3.5505,3.5648,-0.01429999999999998,4.0017,3.9929,0.008799999999999475,4.3785,4.4657,-0.08720000000000017,5.2868,5.3082,-0.021399999999999864,U.S Dollar,US Gallon,2026-08-24
Kentucky,KY,Huntington-Ashland (KY only),3.7574,3.7536,0.0038000000000000256,4.3223,4.3065,0.01580000000000048,4.7872,4.786,0.001200000000000756,5.219,5.2055,0.013500000000000512,U.S Dollar,US Gallon,2026-08-24
Kentucky,KY,Lexington,3.644,3.6528,-0.008799999999999919,4.2304,4.2508,-0.02039999999999953,4.624,4.6515,-0.027500000000000746,5.2245,5.2188,0.005700000000000038,U.S Dollar,US Gallon,2026-08-24
Kentucky,KY,Louisville (KY only),3.7078,3.7131,-0.005299999999999638,4.3506,4.3457,0.0049000000000001265,4.7596,4.7709,-0.01130000000000031,5.1969,5.2169,-0.019999999999999574,U.S Dollar,US Gallon,2026-08-24
Kentucky,KY,Owensboro,3.5744,3.5808,-0.006400000000000183,4.1811,4.1922,-0.011099999999999888,4.659,4.6293,0.02970000000000006,5.2546,5.2734,-0.018799999999999706,U.S Dollar,US Gallon,2026-08-24
Louisiana,LA,Alexandria,3.6656,3.6718,-0.006200000000000205,4.1275,4.0873,0.04020000000000046,4.5859,4.5842,0.0016999999999995907,5.3748,5.3627,0.012099999999999334,U.S Dollar,US Gallon,2026-08-24
Louisiana,LA,Baton Rouge,3.6946,3.6909,0.0036999999999998145,4.1662,4.1689,-0.0026999999999999247,4.5614,4.5731,-0.011700000000000266,5.3226,5.3072,0.015400000000000524,U.S Dollar,US Gallon,2026-08-24
Louisiana,LA,Hammond,3.7151,3.7261,-0.01100000000000012,4.1352,4.1703,-0.03509999999999991,4.5601,4.5836,-0.02349999999999941,5.3633,5.3255,0.037799999999999834,U.S Dollar,US Gallon,2026-08-24
Louisiana,LA,Houma-Thibodaux,3.7478,3.753,-0.0052000000000003155,4.1622,4.2004,-0.03819999999999979,4.5006,4.4853,0.015300000000000757,5.2256,5.2176,0.008000000000000007,U.S Dollar,US Gallon,2026-08-24
Louisiana,LA,Lafayette,3.6984,3.698,0.00039999999999995595,4.1383,4.1677,-0.02939999999999987,4.562,4.568,-0.005999999999999339,5.285,5.2667,0.018299999999999983,U.S Dollar,US Gallon,2026-08-24
Louisiana,LA,Lake Charles,3.7441,3.745,-0.0009000000000001229,4.1988,4.2681,-0.06929999999999925,4.5927,4.5986,-0.00590000000000046,5.2502,5.2375,0.0127000000000006,U.S Dollar,US Gallon,2026-08-24
Louisiana,LA,Monroe,3.6364,3.6516,-0.015200000000000102,4.0419,4.0857,-0.04380000000000006,4.4249,4.4826,-0.05769999999999964,5.3224,5.308,0.01440000000000019,U.S Dollar,US Gallon,2026-08-24
Louisiana,LA,New Orleans,3.6713,3.6771,-0.005799999999999805,4.1884,4.2156,-0.027200000000000557,4.5886,4.6166,-0.02800000000000047,5.3197,5.302,0.017700000000000493,U.S Dollar,US Gallon,2026-08-24
Louisiana,LA,Shreveport-Bossier City,3.6687,3.6817,-0.013000000000000345,4.117,4.1282,-0.011199999999999655,4.498,4.5204,-0.022400000000000198,5.3303,5.3307,-0.00039999999999995595,U.S Dollar,US Gallon,2026-08-24
Massachusetts,MA,Barnstable-Yarmouth,4.1441,4.1326,0.011499999999999844,4.7909,4.7814,0.009500000000000064,5.1604,5.1521,0.008300000000000196,5.5938,5.5861,0.007699999999999818,U.S Dollar,US Gallon,2026-08-24
Massachusetts,MA,Boston (MA only),4.0986,4.0858,0.012800000000000367,4.7569,4.7503,0.006599999999999717,5.1232,5.1471,-0.023900000000000254,5.5789,5.5754,0.0034999999999998366,U.S Dollar,US Gallon,2026-08-24
Massachusetts,MA,Cambridge-Newton-Framingham,4.112,4.1111,0.0008999999999996788,4.7233,4.7257,-0.0023999999999997357,5.1289,5.1396,-0.010699999999999932,5.6475,5.6354,0.012100000000000222,U.S Dollar,US Gallon,2026-08-24
Massachusetts,MA,Pittsfield,4.0841,4.0848,-0.000700000000000145,4.686,4.6813,0.004699999999999704,5.0852,5.0474,0.03780000000000072,5.5438,5.5561,-0.012299999999999756,U.S Dollar,US Gallon,2026-08-24
Massachusetts,MA,Seekonk,3.9514,3.9472,0.0041999999999999815,4.6111,4.5958,0.015300000000000757,4.9835,4.9633,0.020199999999999996,5.5022,5.4914,0.010800000000000587,U.S Dollar,US Gallon,2026-08-24
Massachusetts,MA,Springfield,3.9505,3.944,0.00649999999999995,4.5365,4.5184,0.01810000000000045,4.9532,4.9029,0.05030000000000001,5.4791,5.4628,0.016300000000000203,U.S Dollar,US Gallon,2026-08-24
Massachusetts,MA,Worcester,4.0422,4.0382,0.004000000000000448,4.6377,4.6671,-0.02939999999999987,5.0646,5.0599,0.004700000000000593,5.6013,5.5919,0.009400000000000297,U.S Dollar,US Gallon,2026-08-24
Maryland,MD,Annapolis,3.988,3.9941,-0.006099999999999994,4.6299,4.6237,0.006199999999999761,4.9724,4.9744,-0.0019999999999997797,5.773,5.7728,0.00019999999999953388,U.S Dollar,US Gallon,2026-08-24
Maryland,MD,Baltimore,3.995,3.9942,0.0007999999999999119,4.5795,4.5672,0.012300000000000644,4.918,4.9226,-0.0045999999999999375,5.7582,5.7553,0.0029000000000003467,U.S Dollar,US Gallon,2026-08-24
Maryland,MD,Bowie-St. Charles,3.9919,3.9919,0.0,4.7424,4.7485,-0.006099999999999994,5.032,5.0365,-0.0045000000000001705,5.7655,5.7532,0.012300000000000644,U.S Dollar,US Gallon,2026-08-24
Maryland,MD,Cumberland (MD Only),4.0278,4.0397,-0.0118999999999998,4.449,4.4504,-0.00140000000000029,4.8561,4.894,-0.03790000000000049,5.7963,5.7618,0.03449999999999953,U.S Dollar,US Gallon,2026-08-24
Maryland,MD,Frederick,3.9916,3.994,-0.0024000000000001798,4.4835,4.4645,0.019000000000000128,4.8428,4.8283,0.014500000000000846,5.7431,5.729,0.014100000000000001,U.S Dollar,US Gallon,2026-08-24
Maryland,MD,Hagerstown,3.9902,3.9907,-0.0004999999999997229,4.4216,4.4076,0.013999999999999346,4.8362,4.8147,0.02149999999999963,5.7914,5.7902,0.001200000000000756,U.S Dollar,US Gallon,2026-08-24
Maryland,MD,Salisbury,3.9894,3.9867,0.0026999999999999247,4.4969,4.49,0.006899999999999906,4.8145,4.8217,-0.007200000000000095,5.7863,5.7715,0.014800000000000146,U.S Dollar,US Gallon,2026-08-24
Maryland,MD,Washington (MD only),4.0606,4.0618,-0.0011999999999998678,4.705,4.7093,-0.0042999999999997485,5.0256,5.0135,0.012100000000000222,5.7679,5.7616,0.006300000000000416,U.S Dollar,US Gallon,2026-08-24
Maine,ME,Bangor,4.1188,4.1312,-0.012399999999999523,4.6397,4.6593,-0.019599999999999618,5.1443,5.1659,-0.021599999999999397,5.6941,5.6815,0.012599999999999945,U.S Dollar,US Gallon,2026-08-24
Maine,ME,Lewiston-Auburn,4.1019,4.0804,0.02149999999999963,4.6774,4.6752,0.0021999999999993136,5.154,5.1567,-0.0026999999999999247,5.6728,5.651,0.02179999999999982,U.S Dollar,US Gallon,2026-08-24
Maine,ME,Portland,4.08,4.0774,0.0026000000000001577,4.6094,4.6081,0.0012999999999996348,5.0667,5.0852,-0.018500000000000405,5.6749,5.67,0.0049000000000001265,U.S Dollar,US Gallon,2026-08-24
Michigan,MI,Ann Arbor,4.2442,4.2538,-0.009599999999999831,4.8691,4.8768,-0.007699999999999818,5.4615,5.4509,0.010600000000000165,5.6741,5.6588,0.01529999999999987,U.S Dollar,US Gallon,2026-08-24
Michigan,MI,Benton Harbor,4.1352,4.1389,-0.0036999999999993705,4.7943,4.7878,0.00649999999999995,5.3473,5.3596,-0.012300000000000644,5.6,5.5448,0.05519999999999925,U.S Dollar,US Gallon,2026-08-24
Michigan,MI,Flint,4.0514,4.0648,-0.013399999999999856,4.6848,4.6843,0.0004999999999997229,5.2685,5.3013,-0.03279999999999994,5.6079,5.588,0.019899999999999807,U.S Dollar,US Gallon,2026-08-24
Michigan,MI,Grand Rapids-Muskegon-Holland,4.0548,4.0778,-0.022999999999999687,4.652,4.6815,-0.029499999999999638,5.2598,5.2953,-0.035499999999999865,5.7067,5.6808,0.025900000000000034,U.S Dollar,US Gallon,2026-08-24
Michigan,MI,Jackson,4.1407,4.1463,-0.005600000000000271,4.7421,4.7534,-0.01130000000000031,5.269,5.2939,-0.0248999999999997,5.6087,5.6333,-0.0246000000000004,U.S Dollar,US Gallon,2026-08-24
Michigan,MI,Lansing-East Lansing,4.0804,4.0953,-0.014899999999999913,4.7141,4.7223,-0.008199999999999541,5.2958,5.3159,-0.02010000000000023,5.7276,5.706,0.021599999999999397,U.S Dollar,US Gallon,2026-08-24
Michigan,MI,Marquette,4.1225,4.1381,-0.015600000000000058,4.769,4.963,-0.19399999999999995,5.2763,5.4228,-0.14649999999999963,5.5644,5.574,-0.009599999999999831,U.S Dollar,US Gallon,2026-08-24
Michigan,MI,Metro Detroit,4.2149,4.2134,0.0015000000000000568,4.8601,4.8747,-0.014599999999999724,5.4757,5.4947,-0.019000000000000128,5.6468,5.6308,0.016000000000000014,U.S Dollar,US Gallon,2026-08-24
Michigan,MI,Saginaw-Bay City-Midland,4.0676,4.0809,-0.01330000000000009,4.6901,4.7131,-0.022999999999999687,5.2443,5.2637,-0.019400000000000084,5.6415,5.6266,0.014899999999999913,U.S Dollar,US Gallon,2026-08-24
Michigan,MI,Traverse City,4.0819,4.0819,0.0,4.641,4.6379,0.0030999999999998806,5.2207,5.2073,0.013399999999999856,5.7657,5.759,0.006699999999999484,U.S Dollar,US Gallon,2026-08-24
Minnesota,MN,Duluth-Superior (MN only),4.0922,4.0929,-0.000700000000000145,4.5084,4.5001,0.008300000000000196,5.0322,5.0284,0.0037999999999991374,5.3936,5.3836,0.009999999999999787,U.S Dollar,US Gallon,2026-08-24
Minnesota,MN,Houston County,4.0854,4.0865,-0.001100000000000101,0.0,0.0,0.0,5.2157,5.1761,0.03960000000000008,5.5619,5.5701,-0.00820000000000043,U.S Dollar,US Gallon,2026-08-24
Minnesota,MN,Mankato,4.148,4.1618,-0.0138000000000007,4.497,4.523,-0.0259999999999998,5.089,5.1022,-0.013199999999999434,5.6586,5.5449,0.11369999999999969,U.S Dollar,US Gallon,2026-08-24
Minnesota,MN,Minneapolis-St. Paul (MN only),4.1843,4.1959,-0.01159999999999961,4.6515,4.6575,-0.005999999999999339,5.134,5.1393,-0.005300000000000082,5.4837,5.4384,0.04530000000000012,U.S Dollar,US Gallon,2026-08-24
Minnesota,MN,Moorhead,3.7163,3.7175,-0.0011999999999998678,3.889,3.9865,-0.09750000000000014,4.4423,4.4259,0.01639999999999997,5.1516,5.1942,-0.04260000000000019,U.S Dollar,US Gallon,2026-08-24
Minnesota,MN,Polk County,4.0629,4.0578,0.00509999999999966,4.2157,4.2365,-0.020800000000000374,4.7746,4.7253,0.049300000000000566,5.2646,5.2628,0.0017999999999993577,U.S Dollar,US Gallon,2026-08-24
Minnesota,MN,Rochester,4.1103,4.1409,-0.030600000000000627,4.4273,4.4495,-0.022199999999999775,5.1336,5.162,-0.028399999999999537,5.6219,5.5423,0.07960000000000012,U.S Dollar,US Gallon,2026-08-24
Minnesota,MN,St. Cloud,4.0761,4.0972,-0.021099999999999675,4.5559,4.5367,0.01920000000000055,5.0711,5.0896,-0.018499999999999517,5.5776,5.5123,0.06530000000000058,U.S Dollar,US Gallon,2026-08-24
Missouri,MO,Cape Girardeau,3.9187,3.9043,0.014399999999999746,4.2465,4.3247,-0.07819999999999983,4.6168,4.605,0.011799999999999145,5.3003,5.2613,0.0389999999999997,U.S Dollar,US Gallon,2026-08-24
Missouri,MO,Columbia,3.9199,3.9222,-0.0022999999999999687,4.1828,4.196,-0.013199999999999434,4.5552,4.5496,0.005600000000000271,5.2729,5.2557,0.017199999999999882,U.S Dollar,US Gallon,2026-08-24
Missouri,MO,Jefferson City,3.9585,3.9627,-0.0041999999999999815,4.2674,4.2895,-0.02210000000000001,4.6285,4.6526,-0.024099999999999788,5.2119,5.2074,0.0045000000000001705,U.S Dollar,US Gallon,2026-08-24
Missouri,MO,Joplin,3.8258,3.8322,-0.006399999999999739,4.2197,4.2103,0.009399999999999409,4.5278,4.5133,0.014499999999999957,5.2679,5.253,0.014899999999999913,U.S Dollar,US Gallon,2026-08-24
Missouri,MO,Kansas City (MO only),3.8212,3.8252,-0.0040000000000000036,4.1581,4.1794,-0.021300000000000097,4.528,4.5315,-0.0035000000000007248,5.2106,5.1969,0.013700000000000045,U.S Dollar,US Gallon,2026-08-24
Missouri,MO,Springfield,3.8906,3.9058,-0.015200000000000102,4.2369,4.2545,-0.017599999999999838,4.542,4.5811,-0.03910000000000036,5.2527,5.2508,0.0019000000000000128,U.S Dollar,US Gallon,2026-08-24
Missouri,MO,St. Joseph,3.8901,3.8946,-0.0045000000000001705,4.3296,4.3018,0.027800000000000047,4.55,4.5902,-0.04020000000000046,5.261,5.2613,-0.000300000000000189,U.S Dollar,US Gallon,2026-08-24
Missouri,MO,St. Louis (MO only),3.8293,3.8328,-0.0035000000000002807,4.2171,4.221,-0.0038999999999997925,4.559,4.5502,0.008799999999999919,5.3266,5.3172,0.009400000000000297,U.S Dollar,US Gallon,2026-08-24
Mississippi,MS,Biloxi-Gulfport-Pascagoula,3.6069,3.6268,-0.019899999999999807,4.0446,4.0713,-0.026699999999999946,4.4306,4.4342,-0.0035999999999996035,5.2986,5.2808,0.01780000000000026,U.S Dollar,US Gallon,2026-08-24
Mississippi,MS,Hattiesburg,3.5586,3.5728,-0.014199999999999768,3.9895,4.0042,-0.014699999999999935,4.4023,4.3464,0.05590000000000028,5.2659,5.2622,0.0037000000000002586,U.S Dollar,US Gallon,2026-08-24
Mississippi,MS,Jackson,3.6593,3.6726,-0.01330000000000009,4.1212,4.134,-0.012800000000000367,4.5164,4.5238,-0.007399999999999629,5.2596,5.2406,0.019000000000000128,U.S Dollar,US Gallon,2026-08-24
Mississippi,MS,South Haven - Olive Branch,3.6694,3.6734,-0.0040000000000000036,4.2204,4.2513,-0.030899999999999928,4.6163,4.5808,0.035499999999999865,5.3903,5.3977,-0.007400000000000517,U.S Dollar,US Gallon,2026-08-24
Montana,MT,Billings,4.3664,4.375,-0.008600000000000385,4.7064,4.7324,-0.0259999999999998,5.0698,5.1094,-0.03960000000000008,5.342,5.3653,-0.023300000000000765,U.S Dollar,US Gallon,2026-08-24
Montana,MT,Great Falls,4.3958,4.3965,-0.0006999999999992568,4.6923,4.689,0.0033000000000003027,5.0104,5.029,-0.018600000000000172,5.418,5.3934,0.0246000000000004,U.S Dollar,US Gallon,2026-08-24
Montana,MT,Missoula,4.3742,4.385,-0.010799999999999699,4.6602,4.6964,-0.03620000000000001,4.9699,4.9843,-0.01440000000000019,5.4072,5.3972,0.009999999999999787,U.S Dollar,US Gallon,2026-08-24
North Carolina,NC,Asheville,3.7668,3.7637,0.0030999999999998806,4.2426,4.2541,-0.011499999999999844,4.628,4.6258,0.002200000000000202,5.3869,5.3982,-0.01130000000000031,U.S Dollar,US Gallon,2026-08-24
North Carolina,NC,Burlington,3.7728,3.7772,-0.0043999999999999595,4.1904,4.2104,-0.019999999999999574,4.5856,4.5888,-0.0031999999999996476,5.471,5.484,-0.0129999999999999,U.S Dollar,US Gallon,2026-08-24
North Carolina,NC,Charlotte-Gastonia-Rock Hill (NC only),3.7568,3.7606,-0.0038000000000000256,4.2388,4.2555,-0.01669999999999927,4.6239,4.6398,-0.015900000000000247,5.51,5.507,0.0030000000000001137,U.S Dollar,US Gallon,2026-08-24
North Carolina,NC,Durham-Chapel Hill,3.8414,3.8448,-0.0034000000000000696,4.2595,4.2742,-0.01470000000000038,4.6789,4.7032,-0.02430000000000021,5.5842,5.5596,0.0246000000000004,U.S Dollar,US Gallon,2026-08-24
North Carolina,NC,Fayetteville,3.6686,3.6847,-0.01609999999999978,4.0928,4.1123,-0.01949999999999985,4.517,4.5583,-0.04129999999999967,5.5043,5.5051,-0.0007999999999999119,U.S Dollar,US Gallon,2026-08-24
North Carolina,NC,Goldsboro,3.6648,3.6749,-0.010099999999999998,4.1113,4.1237,-0.01240000000000041,4.4873,4.5131,-0.02579999999999938,5.5057,5.4978,0.00790000000000024,U.S Dollar,US Gallon,2026-08-24
North Carolina,NC,Greensboro,3.7679,3.7757,-0.007800000000000029,4.2182,4.2215,-0.0032999999999994145,4.6351,4.6385,-0.0033999999999991815,5.504,5.5054,-0.00140000000000029,U.S Dollar,US Gallon,2026-08-24
North Carolina,NC,Hickory-Lenoir-Morganton,3.6987,3.7066,-0.007899999999999796,4.1395,4.1429,-0.0034000000000000696,4.5135,4.5359,-0.022400000000000198,5.4378,5.4414,-0.0035999999999996035,U.S Dollar,US Gallon,2026-08-24
North Carolina,NC,Jacksonville,3.6707,3.704,-0.03330000000000011,4.1071,4.1776,-0.07050000000000001,4.52,4.5828,-0.06280000000000019,5.5312,5.5352,-0.0039999999999995595,U.S Dollar,US Gallon,2026-08-24
North Carolina,NC,New Bern,3.7188,3.7263,-0.007500000000000284,4.17,4.17,0.0,4.6317,4.6323,-0.0005999999999994898,5.5452,5.5287,0.016500000000000625,U.S Dollar,US Gallon,2026-08-24
North Carolina,NC,Norfolk-Virginia Beach-Newport News,3.8323,3.8261,0.006200000000000205,4.3279,4.3212,0.006699999999999484,4.6565,4.6398,0.01670000000000016,5.5283,5.5319,-0.0036000000000004917,U.S Dollar,US Gallon,2026-08-24
North Carolina,NC,Raleigh,3.807,3.8138,-0.006800000000000139,4.2528,4.266,-0.013200000000000323,4.6338,4.6368,-0.0030000000000001137,5.5478,5.5433,0.004499999999999282,U.S Dollar,US Gallon,2026-08-24
North Carolina,NC,Rocky Mount,3.7661,3.7811,-0.015000000000000124,4.2166,4.2267,-0.010100000000000442,4.5807,4.5853,-0.0045999999999999375,5.5181,5.5365,-0.018400000000000638,U.S Dollar,US Gallon,2026-08-24
North Carolina,NC,Wilmington,3.6804,3.6964,-0.016000000000000014,4.1585,4.1847,-0.026200000000000223,4.5784,4.609,-0.03059999999999974,5.5467,5.5437,0.0030000000000001137,U.S Dollar,US Gallon,2026-08-24
North Carolina,NC,Winston-Salem,3.766,3.7755,-0.009500000000000064,4.2329,4.2414,-0.00849999999999973,4.6299,4.6317,-0.0018000000000002458,5.4941,5.4945,-0.00039999999999995595,U.S Dollar,US Gallon,2026-08-24
North Dakota,ND,Bismarck,4.1065,4.1038,0.0026999999999999247,4.4057,4.389,0.01670000000000016,4.9171,4.9193,-0.002200000000000202,5.279,5.2893,-0.010299999999999976,U.S Dollar,US Gallon,2026-08-24
North Dakota,ND,Fargo-Moorhead (ND only),3.6487,3.6491,-0.00039999999999995595,4.0373,4.0072,0.030100000000000016,4.4147,4.4249,-0.010200000000000209,5.0676,5.0928,-0.025200000000000777,U.S Dollar,US Gallon,2026-08-24
North Dakota,ND,Grand Forks (ND only),3.9171,3.9105,0.006600000000000161,4.2773,4.3346,-0.057299999999999685,4.739,4.6169,0.12209999999999965,5.3498,5.2937,0.05609999999999982,U.S Dollar,US Gallon,2026-08-24
North Dakota,ND,Minot,4.0985,4.0993,-0.0008000000000008001,4.444,4.4967,-0.05269999999999975,4.7755,4.7573,0.018200000000000216,5.372,5.3842,-0.012199999999999989,U.S Dollar,US Gallon,2026-08-24
Nebraska,NE,Columbus,3.959,4.0923,-0.13329999999999975,0.0,4.454,-4.454,4.615,4.6373,-0.022299999999999542,5.3065,5.3728,-0.06630000000000003,U.S Dollar,US Gallon,2026-08-24
Nebraska,NE,Grand Island,3.9952,3.9661,0.029100000000000126,3.979,3.995,-0.016000000000000014,4.649,4.5599,0.08910000000000018,5.4219,5.4312,-0.009299999999999642,U.S Dollar,US Gallon,2026-08-24
Nebraska,NE,Kearney,4.0309,4.0243,0.006599999999999717,4.4857,4.49,-0.004300000000000637,4.7961,4.7347,0.0613999999999999,5.409,5.3777,0.031299999999999883,U.S Dollar,US Gallon,2026-08-24
Nebraska,NE,Lincoln,4.0269,4.0467,-0.01980000000000004,4.3161,4.2981,0.017999999999999794,4.8546,4.8603,-0.005700000000000038,5.2724,5.2726,-0.00019999999999953388,U.S Dollar,US Gallon,2026-08-24
Nebraska,NE,Norfolk,3.9575,3.9601,-0.0026000000000001577,4.339,4.2503,0.08870000000000022,4.809,4.839,-0.03000000000000025,5.374,5.2803,0.09369999999999923,U.S Dollar,US Gallon,2026-08-24
Nebraska,NE,North Platte,4.0869,4.0923,-0.005399999999999849,4.2134,4.2528,-0.03939999999999966,4.689,4.7123,-0.023299999999999876,5.5778,5.439,0.1387999999999998,U.S Dollar,US Gallon,2026-08-24
Nebraska,NE,Omaha (NE only),4.003,4.0021,0.0008999999999996788,4.2546,4.2798,-0.02519999999999989,4.8579,4.8599,-0.0019999999999997797,5.2758,5.2715,0.004300000000000637,U.S Dollar,US Gallon,2026-08-24
New Hampshire,NH,Manchester,4.0271,4.0209,0.006199999999999761,4.6558,4.6581,-0.0022999999999999687,5.0999,5.0934,0.00649999999999995,5.5707,5.5735,-0.0027999999999996916,U.S Dollar,US Gallon,2026-08-24
New Hampshire,NH,Portsmouth-Rochester (NH only),4.0519,4.0483,0.0035999999999996035,4.6198,4.6017,0.01809999999999956,5.042,5.0191,0.02289999999999992,5.5288,5.524,0.0048000000000003595,U.S Dollar,US Gallon,2026-08-24
New Jersey,NJ,Atlantic City,4.0117,4.0079,0.0038000000000000256,4.5258,4.5112,0.014600000000000612,4.8104,4.8019,0.00849999999999973,5.7346,5.7246,0.010000000000000675,U.S Dollar,US Gallon,2026-08-24
New Jersey,NJ,Bergen-Passaic,4.0631,4.0461,0.017000000000000348,4.6925,4.6506,0.04190000000000005,4.9686,4.9509,0.017700000000000493,5.7103,5.6901,0.020199999999999996,U.S Dollar,US Gallon,2026-08-24
New Jersey,NJ,Cape May,4.1673,4.1512,0.01609999999999978,4.5896,4.6001,-0.010500000000000398,4.9361,4.9471,-0.01100000000000012,5.7934,5.7934,0.0,U.S Dollar,US Gallon,2026-08-24
New Jersey,NJ,Middlesex-Somerset-Hunterdon,4.0214,4.0064,0.01499999999999968,4.6058,4.5913,0.014499999999999957,4.9135,4.8827,0.03080000000000016,5.734,5.7139,0.02010000000000023,U.S Dollar,US Gallon,2026-08-24
New Jersey,NJ,Monmouth-Ocean,4.0476,4.0408,0.006800000000000139,4.655,4.6322,0.022800000000000153,4.8992,4.8872,0.012000000000000455,5.8036,5.7802,0.02340000000000053,U.S Dollar,US Gallon,2026-08-24
New Jersey,NJ,Newark,4.105,4.0929,0.012100000000000222,4.6955,4.7348,-0.03929999999999989,5.0229,5.0213,0.0015999999999998238,5.7455,5.7132,0.03230000000000022,U.S Dollar,US Gallon,2026-08-24
New Jersey,NJ,Parsippany-Troy Hills,4.0267,4.0152,0.011499999999999844,4.5731,4.5801,-0.006999999999999673,4.9109,4.9086,0.0022999999999999687,5.7248,5.7036,0.02120000000000033,U.S Dollar,US Gallon,2026-08-24
New Jersey,NJ,Philadelphia (NJ Only),3.977,3.9698,0.007199999999999651,4.5101,4.5065,0.0036000000000004917,4.7853,4.7924,-0.00709999999999944,5.7228,5.6903,0.03250000000000064,U.S Dollar,US Gallon,2026-08-24
New Jersey,NJ,Trenton,3.9647,3.9572,0.007500000000000284,4.5617,4.537,0.024700000000000166,4.8328,4.8515,-0.01869999999999994,5.6776,5.6624,0.015200000000000102,U.S Dollar,US Gallon,2026-08-24
New Jersey,NJ,Vineland,4.0761,4.0746,0.0015000000000000568,4.5263,4.5411,-0.014800000000000146,4.7636,4.7776,-0.013999999999999346,5.6661,5.65,0.01609999999999978,U.S Dollar,US Gallon,2026-08-24
New Jersey,NJ,Warren County,3.9514,3.9353,0.016100000000000225,4.4877,4.4535,0.03420000000000023,4.7861,4.8026,-0.016499999999999737,5.7319,5.712,0.019900000000000695,U.S Dollar,US Gallon,2026-08-24
New Mexico,NM,Albuquerque,4.0195,4.0303,-0.010800000000000587,4.4947,4.5163,-0.021600000000000286,4.8112,4.8373,-0.026099999999999568,5.4742,5.4748,-0.000600000000000378,U.S Dollar,US Gallon,2026-08-24
New Mexico,NM,Farmington,4.4222,4.4139,0.008300000000000196,4.8149,4.8092,0.005700000000000038,5.0958,5.1006,-0.0048000000000003595,5.6783,5.6911,-0.012799999999999478,U.S Dollar,US Gallon,2026-08-24
New Mexico,NM,Las Cruces,3.9843,3.9956,-0.011299999999999866,4.4923,4.5182,-0.025900000000000034,4.8192,4.8284,-0.009199999999999875,5.5358,5.5386,-0.0027999999999996916,U.S Dollar,US Gallon,2026-08-24
New Mexico,NM,Santa Fe,4.1466,4.1405,0.006099999999999994,4.6136,4.6257,-0.012100000000000222,4.9369,4.9439,-0.007000000000000561,5.5501,5.5352,0.014899999999999913,U.S Dollar,US Gallon,2026-08-24
Nevada,NV,Las Vegas (NV only),4.7815,4.7678,0.013700000000000045,5.1417,5.1236,0.01810000000000045,5.4651,5.433,0.032099999999999795,5.8286,5.8277,0.0008999999999996788,U.S Dollar,US Gallon,2026-08-24
Nevada,NV,Reno,5.0672,5.0498,0.017399999999999416,5.2495,5.2535,-0.0039999999999995595,5.4893,5.4819,0.007399999999999629,5.897,5.9112,-0.014199999999999768,U.S Dollar,US Gallon,2026-08-24
New York,NY,Albany-Schenectady-Troy,4.0971,4.0964,0.000700000000000145,4.657,4.6648,-0.007799999999999585,5.0865,5.0954,-0.008899999999999686,5.5066,5.5247,-0.01810000000000045,U.S Dollar,US Gallon,2026-08-24
New York,NY,Batavia,4.1793,4.1946,-0.015300000000000757,4.672,4.7015,-0.029500000000000526,5.038,5.0623,-0.024299999999999322,5.6818,5.7106,-0.02880000000000038,U.S Dollar,US Gallon,2026-08-24
New York,NY,Binghamton,4.0314,4.0304,0.0009999999999994458,4.5383,4.5403,-0.002000000000000668,4.9401,4.9553,-0.015200000000000102,5.6256,5.6075,0.01810000000000045,U.S Dollar,US Gallon,2026-08-24
New York,NY,Buffalo-Niagara Falls,4.2052,4.2054,-0.00020000000000042206,4.6845,4.6956,-0.011099999999999888,5.0951,5.0741,0.021000000000000796,5.6155,5.627,-0.011499999999999844,U.S Dollar,US Gallon,2026-08-24
New York,NY,Dutchess-Putnam County,4.1478,4.1435,0.0042999999999997485,4.7846,4.768,0.016600000000000392,5.126,5.1335,-0.007499999999999396,5.6375,5.6502,-0.012699999999999712,U.S Dollar,US Gallon,2026-08-24
New York,NY,Elmira,4.0025,4.0334,-0.030899999999999928,4.4463,4.4464,-9.999999999976694e-05,4.8232,4.8616,-0.03840000000000021,5.5309,5.5542,-0.023299999999999876,U.S Dollar,US Gallon,2026-08-24
New York,NY,Glens Falls,4.1244,4.125,-0.000600000000000378,4.6028,4.6101,-0.007299999999999862,5.1116,5.1121,-0.0004999999999997229,5.5661,5.5619,0.0041999999999999815,U.S Dollar,US Gallon,2026-08-24
New York,NY,Ithaca,4.2052,4.2133,-0.008100000000000662,4.784,4.7314,0.05259999999999998,5.2161,5.1464,0.0697000000000001,5.6115,5.6419,-0.030399999999999316,U.S Dollar,US Gallon,2026-08-24
New York,NY,Kingston,4.0571,4.0522,0.0049000000000001265,4.618,4.6098,0.00820000000000043,5.0086,4.9727,0.03590000000000071,5.5569,5.5445,0.012399999999999523,U.S Dollar,US Gallon,2026-08-24
New York,NY,Nassau-Suffolk,4.0966,4.0946,0.0019999999999997797,4.6346,4.6268,0.007799999999999585,5.0063,4.9997,0.006600000000000605,5.7751,5.7648,0.010299999999999976,U.S Dollar,US Gallon,2026-08-24
New York,NY,New York,4.1727,4.1712,0.0015000000000000568,4.6712,4.7042,-0.03300000000000036,5.0613,5.0651,-0.0038000000000000256,5.9134,5.9033,0.010100000000000442,U.S Dollar,US Gallon,2026-08-24
New York,NY,Rochester,4.2273,4.2231,0.0041999999999999815,4.7018,4.7113,-0.009499999999999176,5.0969,5.1056,-0.008700000000000152,5.6789,5.6897,-0.010800000000000587,U.S Dollar,US Gallon,2026-08-24
New York,NY,Syracuse,4.1363,4.1451,-0.008799999999999919,4.6363,4.639,-0.0026999999999999247,5.0432,5.0618,-0.018600000000000172,5.5376,5.5365,0.001100000000000101,U.S Dollar,US Gallon,2026-08-24
New York,NY,Utica-Rome,4.2095,4.2157,-0.006199999999999761,4.7003,4.709,-0.008699999999999264,5.1707,5.1598,0.010900000000000354,5.5936,5.5827,0.010900000000000354,U.S Dollar,US Gallon,2026-08-24
New York,NY,Watertown-Fort Drum,4.204,4.1973,0.006699999999999484,4.6698,4.6812,-0.011399999999999189,5.0803,5.1066,-0.02629999999999999,5.6753,5.6356,0.039699999999999847,U.S Dollar,US Gallon,2026-08-24
New York,NY,White Plains,4.276,4.2728,0.0031999999999996476,4.9149,4.9407,-0.02579999999999938,5.2589,5.2924,-0.033500000000000085,5.7649,5.8008,-0.03589999999999982,U.S Dollar,US Gallon,2026-08-24
Ohio,OH,Akron,4.0086,4.0417,-0.03309999999999924,4.5834,4.6049,-0.02149999999999963,5.1108,5.1309,-0.02009999999999934,5.7362,5.736,0.00020000000000042206,U.S Dollar,US Gallon,2026-08-24
Ohio,OH,Belmont County,4.1041,4.1131,-0.009000000000000341,4.6446,4.6884,-0.04380000000000006,5.1543,5.1551,-0.0007999999999999119,5.7084,5.6822,0.026200000000000223,U.S Dollar,US Gallon,2026-08-24
Ohio,OH,Canton-Massillon,4.0624,4.083,-0.02059999999999995,4.5977,4.6125,-0.014800000000000146,5.1079,5.1268,-0.01890000000000036,5.8061,5.7967,0.009399999999999409,U.S Dollar,US Gallon,2026-08-24
Ohio,OH,Cincinnati (OH only),3.9123,3.9266,-0.01429999999999998,4.4123,4.4365,-0.024199999999999555,4.95,4.9789,-0.028900000000000148,5.7561,5.7595,-0.0034000000000000696,U.S Dollar,US Gallon,2026-08-24
Ohio,OH,Cleveland-Lorain-Elyria,4.1439,4.1571,-0.013199999999999434,4.7343,4.7644,-0.030100000000000016,5.3042,5.3198,-0.015600000000000058,5.7607,5.7328,0.027899999999999814,U.S Dollar,US Gallon,2026-08-24
Ohio,OH,Columbus,4.1069,4.1337,-0.026799999999999713,4.6393,4.6722,-0.03289999999999971,5.1816,5.2196,-0.03799999999999937,5.8003,5.7828,0.01750000000000007,U.S Dollar,US Gallon,2026-08-24
Ohio,OH,Dayton,3.8976,3.9197,-0.02210000000000001,4.4306,4.4684,-0.037799999999999834,4.9756,4.9994,-0.0237999999999996,5.7428,5.7268,0.016000000000000014,U.S Dollar,US Gallon,2026-08-24
Ohio,OH,Lawerence County,3.9707,4.0057,-0.03500000000000014,4.525,4.5501,-0.025099999999999234,5.025,5.001,0.02400000000000002,5.7517,5.7244,0.027299999999999436,U.S Dollar,US Gallon,2026-08-24
Ohio,OH,Lima,3.8502,3.8815,-0.031299999999999883,4.4493,4.4809,-0.03160000000000007,5.0244,5.0719,-0.04750000000000032,5.6447,5.6358,0.008900000000000574,U.S Dollar,US Gallon,2026-08-24
Ohio,OH,Mansfield,4.0553,4.0771,-0.02179999999999982,4.6576,4.674,-0.01639999999999997,5.179,5.2282,-0.04919999999999991,5.7298,5.7425,-0.012699999999999712,U.S Dollar,US Gallon,2026-08-24
Ohio,OH,Springfield,3.9873,4.0071,-0.019800000000000484,4.562,4.5433,0.01869999999999994,5.051,5.0508,0.00020000000000042206,5.6616,5.6556,0.006000000000000227,U.S Dollar,US Gallon,2026-08-24
Ohio,OH,Steubenville-Weirton (OH only),4.216,4.2166,-0.0005999999999994898,4.659,4.7026,-0.04360000000000053,5.2548,5.2661,-0.011299999999999422,5.7417,5.6821,0.05959999999999965,U.S Dollar,US Gallon,2026-08-24
Ohio,OH,Toledo,3.9717,4.0032,-0.03149999999999986,4.5081,4.5348,-0.026699999999999946,5.027,5.0828,-0.05579999999999963,5.6844,5.6737,0.010699999999999932,U.S Dollar,US Gallon,2026-08-24
Ohio,OH,Youngstown-Warren,3.975,3.9894,-0.014399999999999746,4.5712,4.5795,-0.008300000000000196,5.1219,5.1256,-0.0037000000000002586,5.6604,5.6447,0.015699999999999825,U.S Dollar,US Gallon,2026-08-24
Oklahoma,OK,Lawton,3.7651,3.7874,-0.022299999999999986,4.085,4.0836,0.00140000000000029,4.4094,4.4386,-0.029200000000000337,5.0776,5.0729,0.004700000000000593,U.S Dollar,US Gallon,2026-08-24
Oklahoma,OK,Le Flore-Sequoyah,3.8248,3.8386,-0.013799999999999812,4.2483,4.2667,-0.01839999999999975,4.5896,4.6302,-0.040600000000000414,5.1483,5.1461,0.002200000000000202,U.S Dollar,US Gallon,2026-08-24
Oklahoma,OK,Oklahoma City,3.8274,3.8433,-0.015900000000000247,4.2523,4.2899,-0.0376000000000003,4.5236,4.5597,-0.03610000000000024,5.0391,5.0395,-0.00039999999999995595,U.S Dollar,US Gallon,2026-08-24
Oklahoma,OK,Tulsa,3.8577,3.8765,-0.01880000000000015,4.1974,4.2183,-0.02090000000000014,4.4813,4.4975,-0.016199999999999548,5.3204,5.2993,0.021100000000000563,U.S Dollar,US Gallon,2026-08-24
Oregon,OR,Albany,4.6892,4.689,0.00019999999999953388,4.8443,4.8976,-0.053300000000000125,5.2699,5.2311,0.03880000000000017,5.6005,5.5628,0.03770000000000007,U.S Dollar,US Gallon,2026-08-24
Oregon,OR,Bend,4.676,4.6612,0.014800000000000146,4.8204,4.8134,0.007000000000000561,5.1809,5.1884,-0.007499999999999396,5.5866,5.583,0.0035999999999996035,U.S Dollar,US Gallon,2026-08-24
Oregon,OR,Corvallis,4.627,4.6229,0.004100000000000215,4.7876,4.8012,-0.01359999999999939,5.007,5.132,-0.125,5.5207,5.5134,0.007299999999999862,U.S Dollar,US Gallon,2026-08-24
Oregon,OR,Eugene-Springfield,4.7149,4.7186,-0.0037000000000002586,4.8949,4.9017,-0.006800000000000139,5.17,5.1887,-0.01869999999999994,5.6533,5.6438,0.009500000000000064,U.S Dollar,US Gallon,2026-08-24
Oregon,OR,Grants Pass,4.9114,4.9223,-0.010899999999999466,5.131,5.1153,0.015699999999999825,5.3868,5.3778,0.009000000000000341,5.7945,5.781,0.013500000000000512,U.S Dollar,US Gallon,2026-08-24
Oregon,OR,Medford-Ashland,4.8087,4.7825,0.026200000000000223,5.0299,5.0535,-0.023600000000000065,5.3293,5.3701,-0.04079999999999995,5.8043,5.794,0.010299999999999976,U.S Dollar,US Gallon,2026-08-24
Oregon,OR,Pendleton,4.7452,4.7605,-0.015300000000000757,5.0495,5.0702,-0.02069999999999972,5.2507,5.2561,-0.005399999999999849,5.5597,5.5387,0.020999999999999908,U.S Dollar,US Gallon,2026-08-24
Oregon,OR,Portland-Vancouver (OR only),4.8147,4.8105,0.0041999999999999815,5.0564,5.0718,-0.015399999999999636,5.354,5.3431,0.010900000000000354,5.6256,5.6363,-0.010699999999999932,U.S Dollar,US Gallon,2026-08-24
Oregon,OR,Salem,4.6367,4.6588,-0.02210000000000001,4.8947,4.8722,0.022499999999999964,5.2117,5.2264,-0.014699999999999491,5.6421,5.6604,-0.018299999999999983,U.S Dollar,US Gallon,2026-08-24
Pennsylvania,PA,Allentown-Bethlehem-Easton,4.0186,4.0148,0.0038000000000000256,4.4639,4.4673,-0.0034000000000000696,4.8036,4.8072,-0.0035999999999996035,5.844,5.8344,0.009600000000000719,U.S Dollar,US Gallon,2026-08-24
Pennsylvania,PA,Altoona,4.34,4.342,-0.0019999999999997797,4.7497,4.7487,0.0009999999999994458,5.1314,5.1269,0.0045000000000001705,5.975,5.9863,-0.01130000000000031,U.S Dollar,US Gallon,2026-08-24
Pennsylvania,PA,Bloomsburg-Berwick,3.987,3.9792,0.007800000000000029,4.4134,4.409,0.004400000000000404,4.8334,4.8652,-0.031799999999999606,5.8646,5.8547,0.00990000000000002,U.S Dollar,US Gallon,2026-08-24
Pennsylvania,PA,Chambersburg-Waynesboro,4.0305,4.0302,0.000300000000000189,4.3916,4.4001,-0.00849999999999973,4.8261,4.7987,0.02740000000000009,5.916,5.8928,0.02320000000000011,U.S Dollar,US Gallon,2026-08-24
Pennsylvania,PA,East Stroudsburg,4.0612,4.0561,0.0051000000000005485,4.5167,4.5037,0.0129999999999999,4.9229,4.8946,0.028300000000000658,5.8512,5.8359,0.015300000000000757,U.S Dollar,US Gallon,2026-08-24
Pennsylvania,PA,Erie,4.3302,4.3369,-0.006700000000000372,4.7581,4.7638,-0.005700000000000038,5.1592,5.1567,0.002500000000000391,5.9123,5.8974,0.014899999999999913,U.S Dollar,US Gallon,2026-08-24
Pennsylvania,PA,Gettysburg,4.0877,4.0943,-0.006599999999999717,4.5309,4.5618,-0.030899999999999928,4.9495,5.0119,-0.06240000000000023,5.9121,5.9307,-0.018600000000000172,U.S Dollar,US Gallon,2026-08-24
Pennsylvania,PA,Harrisburg,4.0161,4.0166,-0.0005000000000006111,4.4229,4.4247,-0.0017999999999993577,4.8483,4.8451,0.0031999999999996476,5.9338,5.931,0.0027999999999996916,U.S Dollar,US Gallon,2026-08-24
Pennsylvania,PA,Johnstown,4.3602,4.3631,-0.0029000000000003467,4.7566,4.773,-0.01639999999999997,5.1711,5.1776,-0.00649999999999995,5.9247,5.9382,-0.013500000000000512,U.S Dollar,US Gallon,2026-08-24
Pennsylvania,PA,Lancaster,4.067,4.067,0.0,4.5038,4.498,0.005799999999999805,4.904,4.8907,0.01330000000000009,5.9358,5.9351,0.000700000000000145,U.S Dollar,US Gallon,2026-08-24
Pennsylvania,PA,Lebanon,3.9729,3.9696,0.0033000000000003027,4.41,4.3897,0.020299999999999763,4.7561,4.814,-0.05790000000000006,5.9549,5.9553,-0.00039999999999995595,U.S Dollar,US Gallon,2026-08-24
Pennsylvania,PA,Mercer County,4.3421,4.3431,-0.0009999999999994458,4.813,4.8066,0.006399999999999295,5.2335,5.2558,-0.022299999999999542,5.9763,5.9413,0.03500000000000014,U.S Dollar,US Gallon,2026-08-24
Pennsylvania,PA,Philadelphia (PA only),4.0628,4.0599,0.0029000000000003467,4.5987,4.5969,0.0018000000000002458,4.9217,4.9208,0.000900000000000567,5.9117,5.895,0.01670000000000016,U.S Dollar,US Gallon,2026-08-24
Pennsylvania,PA,Pittsburgh,4.3657,4.3637,0.002000000000000668,4.8077,4.8065,0.0011999999999998678,5.2376,5.2483,-0.01070000000000082,5.8881,5.8766,0.011499999999999844,U.S Dollar,US Gallon,2026-08-24
Pennsylvania,PA,Reading,4.0303,4.0332,-0.0028999999999994586,4.4376,4.4454,-0.007800000000000473,4.8186,4.8224,-0.0038000000000000256,5.9346,5.9268,0.007799999999999585,U.S Dollar,US Gallon,2026-08-24
Pennsylvania,PA,Scranton--Wilkes-Barre--Hazleton,4.0676,4.0597,0.007899999999999352,4.4744,4.4945,-0.02010000000000023,4.8889,4.8846,0.0042999999999997485,5.9454,5.9295,0.015900000000000247,U.S Dollar,US Gallon,2026-08-24
Pennsylvania,PA,State College,4.3513,4.3302,0.021100000000000563,4.7411,4.7198,0.021300000000000097,5.1523,5.1063,0.04600000000000026,5.9306,5.9025,0.028100000000000236,U.S Dollar,US Gallon,2026-08-24
Pennsylvania,PA,Williamsport,4.0306,4.0342,-0.0036000000000004917,4.4361,4.4461,-0.010000000000000675,4.8084,4.8225,-0.014100000000000001,5.848,5.872,-0.02400000000000002,U.S Dollar,US Gallon,2026-08-24
Pennsylvania,PA,York,4.1967,4.2034,-0.006700000000000372,4.6238,4.6407,-0.016899999999999693,4.9979,5.0279,-0.03000000000000025,5.9449,5.9417,0.0031999999999996476,U.S Dollar,US Gallon,2026-08-24
Rhode Island,RI,Providence-Fall River-Warwick (RI only),4.0484,4.0389,0.009500000000000064,4.8136,4.78,0.03359999999999985,5.1998,5.1894,0.010399999999999743,5.5811,5.5705,0.010600000000000165,U.S Dollar,US Gallon,2026-08-24
South Carolina,SC,Aiken-Edgfield County,3.6675,3.6693,-0.0017999999999998018,4.1199,4.1433,-0.023399999999999643,4.5498,4.5758,-0.0259999999999998,5.3426,5.3535,-0.010900000000000354,U.S Dollar,US Gallon,2026-08-24
South Carolina,SC,Charleston-North Charleston,3.6874,3.7003,-0.012900000000000134,4.1345,4.1726,-0.03810000000000002,4.5631,4.6013,-0.03819999999999979,5.5049,5.508,-0.0030999999999998806,U.S Dollar,US Gallon,2026-08-24
South Carolina,SC,Columbia,3.649,3.6639,-0.014899999999999913,4.0884,4.107,-0.018600000000000172,4.5168,4.5501,-0.03329999999999966,5.4459,5.4323,0.013600000000000279,U.S Dollar,US Gallon,2026-08-24
South Carolina,SC,Florence,3.6252,3.6371,-0.011900000000000244,4.0587,4.0738,-0.015100000000000335,4.4971,4.5378,-0.04070000000000018,5.425,5.4237,0.0012999999999996348,U.S Dollar,US Gallon,2026-08-24
South Carolina,SC,Greenville,3.6177,3.6211,-0.0034000000000000696,4.0242,4.0468,-0.02259999999999973,4.4162,4.4317,-0.015500000000000291,5.3572,5.379,-0.02179999999999982,U.S Dollar,US Gallon,2026-08-24
South Carolina,SC,Hilton Head-Bluffton,3.759,3.7641,-0.0051000000000001044,4.2238,4.282,-0.05820000000000025,4.6461,4.6745,-0.028400000000000425,5.4558,5.456,-0.00020000000000042206,U.S Dollar,US Gallon,2026-08-24
South Carolina,SC,Myrtle Beach,3.5754,3.5794,-0.0040000000000000036,4.0125,4.0227,-0.010200000000000209,4.4287,4.443,-0.014299999999999535,5.4217,5.4221,-0.00039999999999995595,U.S Dollar,US Gallon,2026-08-24
South Carolina,SC,Rock Hill,3.6167,3.6296,-0.012900000000000134,4.0492,4.0927,-0.04349999999999987,4.4366,4.4601,-0.02349999999999941,5.3742,5.3831,-0.008899999999999686,U.S Dollar,US Gallon,2026-08-24
South Carolina,SC,Spartanburg,3.5965,3.6122,-0.01570000000000027,4.0008,4.042,-0.0411999999999999,4.3995,4.4396,-0.04010000000000069,5.3466,5.3546,-0.008000000000000007,U.S Dollar,US Gallon,2026-08-24
South Carolina,SC,Sumter,3.6992,3.7252,-0.026000000000000245,4.0505,4.0848,-0.0343,4.5469,4.5407,0.006199999999999761,5.5609,5.5112,0.04970000000000052,U.S Dollar,US Gallon,2026-08-24
South Dakota,SD,North Sioux City,3.9946,4.0036,-0.008999999999999453,4.1323,4.1657,-0.03340000000000032,4.8865,4.9523,-0.0658000000000003,5.344,5.369,-0.024999999999999467,U.S Dollar,US Gallon,2026-08-24
South Dakota,SD,Rapid City,4.2559,4.2565,-0.000600000000000378,4.4933,4.4927,0.0005999999999994898,4.9579,4.9466,0.01130000000000031,5.4561,5.4298,0.02629999999999999,U.S Dollar,US Gallon,2026-08-24
South Dakota,SD,Sioux Falls,3.9052,3.9123,-0.007100000000000328,4.2877,4.2734,0.014300000000000423,4.7717,4.7749,-0.0031999999999996476,5.1846,5.1934,-0.008799999999999919,U.S Dollar,US Gallon,2026-08-24
Tennessee,TN,Chattanooga (TN only),3.4983,3.5172,-0.018899999999999917,3.9364,3.9588,-0.022400000000000198,4.2576,4.2892,-0.03160000000000007,5.2621,5.2497,0.01240000000000041,U.S Dollar,US Gallon,2026-08-24
Tennessee,TN,Clarksville-Hopkinsville (TN only),3.5298,3.5321,-0.0022999999999999687,3.9806,3.982,-0.00140000000000029,4.307,4.3286,-0.021599999999999397,5.3215,5.2992,0.02230000000000043,U.S Dollar,US Gallon,2026-08-24
Tennessee,TN,Cleveland,3.5425,3.5587,-0.016199999999999992,3.8961,3.9213,-0.02519999999999989,4.3221,4.3505,-0.028400000000000425,5.347,5.3745,-0.027499999999999858,U.S Dollar,US Gallon,2026-08-24
Tennessee,TN,Jackson,3.7616,3.7628,-0.0011999999999998678,4.1569,4.2487,-0.0918000000000001,4.5922,4.6737,-0.08150000000000013,5.4778,5.4654,0.01240000000000041,U.S Dollar,US Gallon,2026-08-24
Tennessee,TN,Johnson City,3.7239,3.7203,0.0036000000000000476,4.1257,4.1609,-0.035199999999999676,4.542,4.5709,-0.028900000000000148,5.3577,5.3732,-0.015499999999999403,U.S Dollar,US Gallon,2026-08-24
Tennessee,TN,Kingsport-Bristol,3.6574,3.6555,0.0019000000000000128,4.0854,4.0956,-0.010200000000000209,4.4559,4.439,0.016899999999999693,5.3411,5.3135,0.027599999999999625,U.S Dollar,US Gallon,2026-08-24
Tennessee,TN,Knoxville,3.6712,3.6814,-0.010200000000000209,4.0652,4.0743,-0.009100000000000108,4.5113,4.5271,-0.015799999999999592,5.3219,5.3105,0.011400000000000077,U.S Dollar,US Gallon,2026-08-24
Tennessee,TN,Memphis (TN only),3.7398,3.7303,0.00949999999999962,4.3112,4.3306,-0.019399999999999196,4.7516,4.745,0.006599999999999717,5.3987,5.3768,0.021899999999999586,U.S Dollar,US Gallon,2026-08-24
Tennessee,TN,Morristown,3.7155,3.7044,0.011099999999999888,4.0982,4.1123,-0.014100000000000001,4.4867,4.4916,-0.0049000000000001265,5.3285,5.3205,0.008000000000000007,U.S Dollar,US Gallon,2026-08-24
Tennessee,TN,Nashville,3.6315,3.6365,-0.004999999999999893,4.1032,4.1128,-0.009599999999999831,4.5092,4.5182,-0.009000000000000341,5.3444,5.3492,-0.004799999999999471,U.S Dollar,US Gallon,2026-08-24
Texas,TX,Abilene,3.5982,3.6078,-0.009600000000000275,3.9717,3.996,-0.02430000000000021,4.3242,4.3454,-0.02119999999999944,5.3182,5.3257,-0.007500000000000284,U.S Dollar,US Gallon,2026-08-24
Texas,TX,Amarillo,3.7641,3.7717,-0.007600000000000051,4.156,4.1699,-0.013900000000000468,4.5339,4.5401,-0.006199999999999761,5.0396,5.0372,0.0023999999999997357,U.S Dollar,US Gallon,2026-08-24
Texas,TX,Austin-San Marcos,3.6155,3.6327,-0.017199999999999882,4.075,4.0983,-0.023299999999999876,4.4509,4.4774,-0.026500000000000412,5.2713,5.2712,9.999999999976694e-05,U.S Dollar,US Gallon,2026-08-24
Texas,TX,Beaumont-Port Arthur,3.5829,3.5832,-0.000300000000000189,4.032,4.0576,-0.025599999999999845,4.4854,4.465,0.020400000000000418,5.1512,5.1497,0.0015000000000000568,U.S Dollar,US Gallon,2026-08-24
Texas,TX,Brownsville-Harlingen,3.6504,3.6814,-0.03100000000000014,4.2107,4.2432,-0.03249999999999975,4.6208,4.6718,-0.051000000000000156,5.1957,5.2092,-0.013499999999999623,U.S Dollar,US Gallon,2026-08-24
Texas,TX,College Station-Bryan,3.6234,3.6258,-0.0023999999999997357,4.1353,4.1002,0.03509999999999991,4.5203,4.5035,0.016799999999999926,5.2078,5.1991,0.008700000000000152,U.S Dollar,US Gallon,2026-08-24
Texas,TX,Corpus Christi,3.6826,3.7082,-0.02560000000000029,4.2607,4.2966,-0.03589999999999982,4.6656,4.6891,-0.02349999999999941,5.2961,5.2289,0.0671999999999997,U.S Dollar,US Gallon,2026-08-24
Texas,TX,Dallas,3.5862,3.5966,-0.010400000000000187,3.9998,4.0251,-0.0253000000000001,4.3452,4.3767,-0.03149999999999942,5.3057,5.3043,0.00140000000000029,U.S Dollar,US Gallon,2026-08-24
Texas,TX,El Paso,3.895,3.8978,-0.0028000000000001357,4.4089,4.4202,-0.01130000000000031,4.7379,4.7469,-0.009000000000000341,5.4714,5.481,-0.009599999999999831,U.S Dollar,US Gallon,2026-08-24
Texas,TX,Fort Worth-Arlington,3.5853,3.5904,-0.00509999999999966,4.0,4.0107,-0.010699999999999932,4.3464,4.3715,-0.025100000000000122,5.3006,5.2949,0.005700000000000038,U.S Dollar,US Gallon,2026-08-24
Texas,TX,Galveston-Texas City,3.604,3.6054,-0.0013999999999998458,4.1543,4.104,0.05030000000000001,4.5813,4.5343,0.04699999999999971,5.1659,5.1086,0.057299999999999685,U.S Dollar,US Gallon,2026-08-24
Texas,TX,Houston,3.5724,3.5637,0.008700000000000152,4.1574,4.1525,0.0049000000000001265,4.5927,4.5825,0.010200000000000209,5.1309,5.0956,0.03529999999999944,U.S Dollar,US Gallon,2026-08-24
Texas,TX,Killeen-Temple-Fort Hood,3.5945,3.6137,-0.019200000000000106,4.0254,4.0161,0.00930000000000053,4.3331,4.3599,-0.026799999999999713,5.2384,5.2429,-0.004499999999999282,U.S Dollar,US Gallon,2026-08-24
Texas,TX,Laredo,3.6788,3.701,-0.02220000000000022,4.2176,4.2594,-0.04180000000000028,4.629,4.6559,-0.026900000000000368,5.2571,5.2575,-0.00039999999999995595,U.S Dollar,US Gallon,2026-08-24
Texas,TX,Longview,3.6389,3.6377,0.0011999999999998678,4.0833,4.1246,-0.04129999999999967,4.4735,4.4993,-0.025800000000000267,5.3119,5.2993,0.012599999999999945,U.S Dollar,US Gallon,2026-08-24
Texas,TX,Lubbock,3.7362,3.7332,0.0030000000000001137,4.1826,4.1845,-0.0019000000000000128,4.5227,4.5055,0.01720000000000077,5.0168,5.0151,0.0016999999999995907,U.S Dollar,US Gallon,2026-08-24
Texas,TX,McAllen-Edinburg-Mission,3.6003,3.6365,-0.03620000000000001,4.1754,4.2185,-0.043099999999999916,4.5888,4.6314,-0.04260000000000019,5.1757,5.1855,-0.009800000000000253,U.S Dollar,US Gallon,2026-08-24
Texas,TX,Midland,3.5929,3.5941,-0.0011999999999998678,4.1607,4.1619,-0.0011999999999998678,4.4412,4.4366,0.0045999999999999375,5.2769,5.2777,-0.0007999999999999119,U.S Dollar,US Gallon,2026-08-24
Texas,TX,Odessa,3.5912,3.5911,0.00010000000000021103,4.065,4.1075,-0.04249999999999954,4.4055,4.4541,-0.04860000000000042,5.341,5.3441,-0.0030999999999998806,U.S Dollar,US Gallon,2026-08-24
Texas,TX,San Angelo,3.5277,3.5338,-0.006099999999999994,4.0594,4.0568,0.0026000000000001577,4.3317,4.3274,0.0042999999999997485,5.3011,5.2971,0.0039999999999995595,U.S Dollar,US Gallon,2026-08-24
Texas,TX,San Antonio,3.6128,3.63,-0.017199999999999882,4.0755,4.1021,-0.02660000000000018,4.4439,4.4729,-0.028999999999999915,5.3327,5.2453,0.0873999999999997,U.S Dollar,US Gallon,2026-08-24
Texas,TX,Sherman-Denison,3.5606,3.5625,-0.0019000000000000128,3.8981,3.912,-0.013900000000000023,4.2899,4.2678,0.02210000000000001,5.2848,5.2751,0.009699999999999598,U.S Dollar,US Gallon,2026-08-24
Texas,TX,Texarkana (TX only),3.6651,3.6696,-0.0045000000000001705,4.0997,4.1103,-0.010599999999999277,4.5604,4.5419,0.018499999999999517,5.2778,5.2817,-0.0038999999999997925,U.S Dollar,US Gallon,2026-08-24
Texas,TX,Tyler,3.5513,3.5493,0.0019999999999997797,4.0041,4.0075,-0.0034000000000000696,4.3434,4.3479,-0.0045000000000001705,5.1494,5.1462,0.0031999999999996476,U.S Dollar,US Gallon,2026-08-24
Texas,TX,Victoria,3.722,3.727,-0.004999999999999893,4.1447,4.1519,-0.007200000000000095,4.5608,4.5819,-0.021099999999999675,5.2373,5.1945,0.042800000000000615,U.S Dollar,US Gallon,2026-08-24
Texas,TX,Waco,3.6421,3.659,-0.016899999999999693,4.0534,4.0907,-0.03730000000000011,4.409,4.4319,-0.02289999999999992,5.2706,5.2705,9.999999999976694e-05,U.S Dollar,US Gallon,2026-08-24
Texas,TX,Wichita Falls,3.6868,3.6871,-0.000300000000000189,4.1351,4.1512,-0.01609999999999978,4.4993,4.4913,0.008000000000000007,5.2579,5.2405,0.017400000000000304,U.S Dollar,US Gallon,2026-08-24
Utah,UT,Logan,4.3613,4.3574,0.0038999999999997925,4.6298,4.6014,0.028400000000000425,4.9066,4.8744,0.03220000000000045,5.389,5.3822,0.006800000000000139,U.S Dollar,US Gallon,2026-08-24
Utah,UT,Ogden,4.3018,4.3136,-0.011800000000000033,4.5937,4.6056,-0.0118999999999998,4.8436,4.8531,-0.009500000000000064,5.3403,5.3536,-0.01330000000000009,U.S Dollar,US Gallon,2026-08-24
Utah,UT,Provo-Orem,4.3263,4.3294,-0.0030999999999998806,4.6193,4.6196,-0.000300000000000189,4.8525,4.8665,-0.014000000000000234,5.3403,5.351,-0.010699999999999932,U.S Dollar,US Gallon,2026-08-24
Utah,UT,Salt Lake City,4.2794,4.2956,-0.016200000000000436,4.5785,4.5896,-0.011099999999999888,4.8271,4.8379,-0.010800000000000587,5.3434,5.3552,-0.011800000000000033,U.S Dollar,US Gallon,2026-08-24
Utah,UT,St. George,4.3884,4.4042,-0.01580000000000048,4.6857,4.6872,-0.0015000000000000568,4.9178,4.9547,-0.036900000000000155,5.4817,5.4978,-0.01609999999999978,U.S Dollar,US Gallon,2026-08-24
Virginia,VA,Blacksburg-Christiansburg-Radford,3.8521,3.8601,-0.008000000000000007,4.3408,4.3459,-0.0051000000000005485,4.7356,4.7565,-0.02090000000000014,5.5797,5.582,-0.0022999999999999687,U.S Dollar,US Gallon,2026-08-24
Virginia,VA,Bristol-Scott-Washington,3.8493,3.8429,0.006399999999999739,4.3204,4.3207,-0.000300000000000189,4.6166,4.6834,-0.06679999999999975,5.5449,5.5269,0.017999999999999794,U.S Dollar,US Gallon,2026-08-24
Virginia,VA,Charlottesville,3.9699,3.9682,0.0017000000000000348,4.4253,4.4292,-0.0038999999999997925,4.8266,4.8392,-0.012599999999999945,5.741,5.7255,0.015499999999999403,U.S Dollar,US Gallon,2026-08-24
Virginia,VA,Fredericksburg,3.9832,3.9722,0.01100000000000012,4.4559,4.4457,0.01019999999999932,4.7765,4.7992,-0.0226999999999995,5.7585,5.7539,0.0045999999999999375,U.S Dollar,US Gallon,2026-08-24
Virginia,VA,Harrisonburg,3.8892,3.8925,-0.0032999999999998586,4.2764,4.294,-0.017599999999999838,4.6705,4.6782,-0.007700000000000706,5.6813,5.6545,0.0268000000000006,U.S Dollar,US Gallon,2026-08-24
Virginia,VA,Lynchburg,3.8875,3.8762,0.01130000000000031,4.3619,4.3577,0.0041999999999999815,4.7407,4.7459,-0.005199999999999427,5.5326,5.5196,0.013000000000000789,U.S Dollar,US Gallon,2026-08-24
Virginia,VA,Norfolk-Virginia Beach-Newport News,3.9655,3.9669,-0.0013999999999998458,4.4201,4.4242,-0.004100000000000215,4.8177,4.8138,0.0039000000000006807,5.7354,5.7361,-0.000700000000000145,U.S Dollar,US Gallon,2026-08-24
Virginia,VA,Richmond-Petersburg,3.9212,3.9214,-0.00020000000000042206,4.4158,4.4305,-0.01470000000000038,4.7854,4.7936,-0.008199999999999541,5.7115,5.6925,0.019000000000000128,U.S Dollar,US Gallon,2026-08-24
Virginia,VA,Roanoke,3.8507,3.8532,-0.002500000000000391,4.2949,4.3159,-0.020999999999999908,4.7507,4.7471,0.0036000000000004917,5.6308,5.6062,0.02459999999999951,U.S Dollar,US Gallon,2026-08-24
Virginia,VA,Staunton-Waynesboro,3.8222,3.8429,-0.020700000000000163,4.1913,4.2348,-0.04349999999999987,4.625,4.649,-0.02400000000000002,5.6425,5.6228,0.019700000000000273,U.S Dollar,US Gallon,2026-08-24
Virginia,VA,"Washington, DC, (VA Only)",4.0093,4.0107,-0.00140000000000029,4.5433,4.553,-0.009699999999999598,4.9044,4.9174,-0.0129999999999999,5.766,5.7655,0.0004999999999997229,U.S Dollar,US Gallon,2026-08-24
Virginia,VA,Winchester,3.9664,3.9733,-0.006899999999999906,4.3726,4.3686,0.004000000000000448,4.7545,4.7506,0.0038999999999997925,5.7224,5.7274,-0.004999999999999893,U.S Dollar,US Gallon,2026-08-24
Vermont,VT,Burlington,4.2209,4.2102,0.010699999999999932,4.7057,4.7702,-0.06449999999999978,5.2408,5.2296,0.011200000000000543,5.6686,5.6531,0.015499999999999403,U.S Dollar,US Gallon,2026-08-24
Washington,WA,Bellingham,5.0855,5.1105,-0.025000000000000355,5.5243,5.6471,-0.1227999999999998,5.5694,5.6943,-0.12490000000000023,5.974,5.9893,-0.01529999999999987,U.S Dollar,US Gallon,2026-08-24
Washington,WA,Bremerton,5.2973,5.2915,0.005799999999999805,5.6025,5.5687,0.033800000000000274,5.7705,5.7752,-0.004699999999999704,6.3002,6.3012,-0.0009999999999994458,U.S Dollar,US Gallon,2026-08-24
Washington,WA,Clarkson,4.799,4.7357,0.0633000000000008,0.0,0.0,0.0,5.149,5.2323,-0.08330000000000037,5.799,6.1923,-0.3933,U.S Dollar,US Gallon,2026-08-24
Washington,WA,Longview,5.147,5.1077,0.03929999999999989,5.4323,5.4531,-0.020800000000000374,5.629,5.5783,0.05069999999999997,6.1104,6.1529,-0.04249999999999954,U.S Dollar,US Gallon,2026-08-24
Washington,WA,Mount Vernon-Anacortes,5.0136,5.0366,-0.022999999999999687,5.3317,5.2927,0.0389999999999997,5.4707,5.5442,-0.07350000000000012,6.1411,6.1487,-0.007600000000000051,U.S Dollar,US Gallon,2026-08-24
Washington,WA,Olympia,5.1567,5.1544,0.0022999999999999687,5.3446,5.3657,-0.021100000000000563,5.6538,5.6388,0.015000000000000568,6.3228,6.3288,-0.006000000000000227,U.S Dollar,US Gallon,2026-08-24
Washington,WA,Richland-Kennewick-Pasco,5.1683,5.1801,-0.011800000000000033,5.469,5.4712,-0.0021999999999993136,5.7072,5.7131,-0.005899999999999572,6.3232,6.3482,-0.025000000000000355,U.S Dollar,US Gallon,2026-08-24
Washington,WA,Seattle-Bellevue-Everett,5.4001,5.3993,0.0007999999999999119,5.6556,5.6591,-0.0034999999999998366,5.8778,5.8881,-0.010299999999999976,6.4107,6.4097,0.001000000000000334,U.S Dollar,US Gallon,2026-08-24
Washington,WA,Spokane,5.099,5.0939,0.0051000000000005485,5.3336,5.335,-0.00140000000000029,5.6039,5.6175,-0.01359999999999939,6.2978,6.3121,-0.014300000000000423,U.S Dollar,US Gallon,2026-08-24
Washington,WA,Tacoma,5.2519,5.2499,0.0019999999999997797,5.4649,5.4778,-0.012900000000000134,5.7697,5.7686,0.001100000000000101,6.4286,6.4154,0.013200000000000323,U.S Dollar,US Gallon,2026-08-24
Washington,WA,Vancouver,5.1249,5.1155,0.009400000000000297,5.4022,5.3841,0.01809999999999956,5.5723,5.6119,-0.03960000000000008,6.0997,6.0956,0.004100000000000215,U.S Dollar,US Gallon,2026-08-24
Washington,WA,Walla Walla,5.2842,5.2798,0.004400000000000404,5.623,5.547,0.07600000000000051,5.899,5.8472,0.05180000000000007,6.45,6.4657,-0.015699999999999825,U.S Dollar,US Gallon,2026-08-24
Washington,WA,Wenatchee,5.2414,5.2414,0.0,5.3609,5.4004,-0.03950000000000031,5.6753,5.6845,-0.009199999999999875,6.3493,6.3901,-0.04079999999999995,U.S Dollar,US Gallon,2026-08-24
Washington,WA,Yakima,5.1033,5.1128,-0.009500000000000064,5.5011,5.4017,0.09940000000000015,5.7007,5.7324,-0.03169999999999984,6.1676,6.2259,-0.05830000000000002,U.S Dollar,US Gallon,2026-08-24
Wisconsin,WI,Appleton,3.8914,3.8922,-0.0007999999999999119,4.4486,4.4474,0.0011999999999998678,5.1347,5.1631,-0.028400000000000425,5.2821,5.2999,-0.01780000000000026,U.S Dollar,US Gallon,2026-08-24
Wisconsin,WI,Eau Claire,4.0405,4.0353,0.005199999999999427,4.4683,4.4257,0.04260000000000019,5.1344,5.1473,-0.012900000000000134,5.3743,5.3628,0.011499999999999844,U.S Dollar,US Gallon,2026-08-24
Wisconsin,WI,Fond du Lac,3.8279,3.8518,-0.02389999999999981,4.4967,4.5096,-0.012900000000000134,5.0705,5.1516,-0.08110000000000017,5.2778,5.2712,0.006599999999999717,U.S Dollar,US Gallon,2026-08-24
Wisconsin,WI,Green Bay,3.912,3.9159,-0.0039000000000002366,4.5069,4.538,-0.03110000000000035,5.1404,5.164,-0.023600000000000065,5.3087,5.3083,0.00039999999999995595,U.S Dollar,US Gallon,2026-08-24
Wisconsin,WI,Janesville-Beloit,3.9213,3.9229,-0.0015999999999998238,4.475,4.479,-0.004000000000000448,5.0584,5.0645,-0.006099999999999994,5.3135,5.3092,0.004300000000000637,U.S Dollar,US Gallon,2026-08-24
Wisconsin,WI,Kenosha County,3.7759,3.791,-0.015099999999999891,4.3713,4.3882,-0.01690000000000058,4.8679,4.8772,-0.00930000000000053,5.3302,5.3319,-0.001700000000000479,U.S Dollar,US Gallon,2026-08-24
Wisconsin,WI,La Crosse (WI only),3.9771,3.9755,0.0016000000000002679,4.7823,4.2823,0.5,5.199,5.1814,0.017599999999999838,5.5681,5.5599,0.00820000000000043,U.S Dollar,US Gallon,2026-08-24
Wisconsin,WI,Madison,3.9181,3.9256,-0.007500000000000284,4.5753,4.5788,-0.0034999999999998366,5.1208,5.1394,-0.018600000000000172,5.2681,5.2594,0.008699999999999264,U.S Dollar,US Gallon,2026-08-24
Wisconsin,WI,Milwaukee-Waukesha,3.8057,3.8164,-0.010699999999999932,4.3739,4.3863,-0.01240000000000041,4.8705,4.8877,-0.017199999999999882,5.233,5.2331,-0.00010000000000065512,U.S Dollar,US Gallon,2026-08-24
Wisconsin,WI,Oshkosh,3.8512,3.8538,-0.0026000000000001577,4.4763,4.4961,-0.01980000000000004,5.0405,5.0674,-0.026900000000000368,5.2953,5.2865,0.008799999999999919,U.S Dollar,US Gallon,2026-08-24
Wisconsin,WI,Pierce -St. Croix County,4.1905,4.1878,0.0026999999999999247,4.6609,4.6484,0.012500000000000178,5.2433,5.2424,0.0008999999999996788,5.4393,5.469,-0.02970000000000006,U.S Dollar,US Gallon,2026-08-24
Wisconsin,WI,Racine,3.77,3.7851,-0.015099999999999891,4.3305,4.3776,-0.047100000000000364,4.8128,4.849,-0.03620000000000001,5.3281,5.328,9.999999999976694e-05,U.S Dollar,US Gallon,2026-08-24
Wisconsin,WI,Sheboygan,3.8839,3.8794,0.0045000000000001705,4.5808,4.6315,-0.05069999999999997,5.0648,5.0823,-0.01750000000000007,5.3485,5.3452,0.0032999999999994145,U.S Dollar,US Gallon,2026-08-24
Wisconsin,WI,Superior,4.2114,4.215,-0.0035999999999996035,4.684,4.684,0.0,5.3182,5.366,-0.04779999999999962,5.4717,5.4682,0.0034999999999998366,U.S Dollar,US Gallon,2026-08-24
Wisconsin,WI,Wausau,3.9635,3.9867,-0.02320000000000011,4.7581,4.7396,0.018499999999999517,5.2211,5.2748,-0.05370000000000008,5.3537,5.3554,-0.001700000000000479,U.S Dollar,US Gallon,2026-08-24
West Virginia,WV,Beckley,3.9661,3.9634,0.0026999999999999247,4.4168,4.4248,-0.008000000000000007,4.8686,4.8204,0.048199999999999577,5.3781,5.3795,-0.00140000000000029,U.S Dollar,US Gallon,2026-08-24
West Virginia,WV,Charleston,3.9789,3.9769,0.0019999999999997797,4.4413,4.4271,0.014199999999999768,4.8932,4.8927,0.0005000000000006111,5.3785,5.3803,-0.0018000000000002458,U.S Dollar,US Gallon,2026-08-24
West Virginia,WV,Hampshire County,3.979,3.9105,0.06850000000000023,4.249,4.299,-0.05000000000000071,4.899,4.8657,0.03329999999999966,5.399,5.424,-0.025000000000000355,U.S Dollar,US Gallon,2026-08-24
West Virginia,WV,Huntington,3.9716,3.9784,-0.006800000000000139,4.42,4.4099,0.010099999999999554,4.875,4.8739,0.001100000000000101,5.4117,5.4213,-0.009599999999999831,U.S Dollar,US Gallon,2026-08-24
West Virginia,WV,Jefferson County,3.9723,3.9611,0.011200000000000099,4.4119,4.4106,0.001300000000000523,4.794,4.7946,-0.000600000000000378,5.4061,5.399,0.007100000000000328,U.S Dollar,US Gallon,2026-08-24
West Virginia,WV,Mineral County,3.9303,3.9204,0.00990000000000002,4.299,4.224,0.07500000000000018,4.6657,4.699,-0.03329999999999966,5.353,5.353,0.0,U.S Dollar,US Gallon,2026-08-24
West Virginia,WV,Morgantown,4.177,4.1745,0.0024999999999995026,4.6286,4.6535,-0.02490000000000059,5.0677,5.0773,-0.009599999999999831,5.3601,5.3677,-0.007600000000000051,U.S Dollar,US Gallon,2026-08-24
West Virginia,WV,Parkersburg-Marietta (WV only),3.9628,3.9699,-0.007099999999999884,4.4017,4.404,-0.0022999999999999687,4.8746,4.8876,-0.0129999999999999,5.2993,5.2865,0.012799999999999478,U.S Dollar,US Gallon,2026-08-24
West Virginia,WV,Steubenville-Weirton (WV only),3.849,3.8542,-0.005199999999999871,4.251,4.264,-0.0129999999999999,4.7865,4.799,-0.012500000000000178,5.4573,5.4759,-0.018600000000000172,U.S Dollar,US Gallon,2026-08-24
West Virginia,WV,"Washington, DC (WV Only)",3.9144,3.9148,-0.00039999999999995595,4.3194,4.2883,0.03110000000000035,4.6924,4.6696,0.022800000000000153,5.4242,5.416,0.008199999999999541,U.S Dollar,US Gallon,2026-08-24
West Virginia,WV,Wheeling (WV only),3.8737,3.8831,-0.009400000000000297,4.3107,4.315,-0.004300000000000637,4.7435,4.7714,-0.027899999999999814,5.3143,5.3175,-0.0031999999999996476,U.S Dollar,US Gallon,2026-08-24
Wyoming,WY,Casper,4.3251,4.3249,0.00019999999999953388,4.6161,4.6108,0.005300000000000082,4.9661,4.9774,-0.01130000000000031,5.525,5.4754,0.049600000000000755,U.S Dollar,US Gallon,2026-08-24
Wyoming,WY,Cheyenne,4.1655,4.1659,-0.00039999999999995595,4.4734,4.484,-0.010600000000000165,4.7516,4.7887,-0.03710000000000058,5.399,5.3646,0.034399999999999764,U.S Dollar,US Gallon,2026-08-24
